id,lang,created_at,full_text,URL,titolo
1428934937311383552,es,Sat Aug 21 04:20:12 +0000 2021,"(20-ago-21) | Actualizaci√≥n de la situaci√≥n de la pandemia en M√©xico a nivel nacional.
Elaboraci√≥n de @ArturoErdely, Director de Estad√≠stica, con datos de @SSalud_mx: https://t.co/PIjwNV6r9A.
La situaci√≥n de cada entidad federativa puede consultarse aqu√≠: https://t.co/QVAnydCEDB. https://t.co/0xAa1SgejW",https://twitter.com/user/status/1428934937311383552,"(20 agosto 21) | Aggiornamento della situazione della pandemia in Messico a livello nazionale.
Preparato da @ArturoErdely, Direttore delle statistiche, con i dati di @SSalud_mx: https://t.co/PIjwNV6r9A.
La situazione di ciascuna entit√† federativa pu√≤ essere consultata qui: https://t.co/QVAnydCEDB. https://t.co/0xAa1SgejW"
1428927067442274306,es,Sat Aug 21 03:48:55 +0000 2021,"De acuerdo a los datos abiertos por fecha de defunci√≥n, el promedio diario de muertes por #Covid_19 en el contexto nacional circunda a cifras similares de mediados de abril2020 entre 50 y 60.

#SigamosCuid√°ndonos 
#NoBajemosLaGuardia 
#VacunatePorLaVida https://t.co/ICDW0m0qOX https://t.co/w7tg9ukRuI",https://twitter.com/user/status/1428927067442274306,"Secondo i dati aperti per data di morte, la media giornaliera dei decessi da #Covid_19 nel contesto nazionale circonda cifre simili per met√† aprile 2020 tra 50 e 60.

#Prendiamoci cura l'uno dell'altro
#Non abbassiamo la guardia
#VacunatePorLaVida https://t.co/ICDW0m0qOX https://t.co/w7tg9ukRuI"
1428925262125752325,es,Sat Aug 21 03:41:45 +0000 2021,Elaboraci√≥n propia de gr√°ficas mediante el lenguaje de programaci√≥n #JuliaLang y con datos de: https://t.co/KtMF6zGWmj [fin de hilo],https://twitter.com/user/status/1428925262125752325,Elaborazione propria di grafici utilizzando il linguaggio di programmazione #JuliaLang e con dati da: https://t.co/KtMF6zGWmj [fine thread]
1428919710310141955,es,Sat Aug 21 03:19:41 +0000 2021,@ZorlakRules @SSalud_mx @HLGatell Ya por fin: https://t.co/KtMF6zGWmj,https://twitter.com/user/status/1428919710310141955,@ZorlakRules @SSalud_mx @HLGatell Ora finalmente: https://t.co/KtMF6zGWmj
1428919603183472644,es,Sat Aug 21 03:19:16 +0000 2021,"#COVID19mx Por fin subieron los datos abiertos de la @SSalud_mx comienzo a procesarlos...  ccp @ZorlakRules 
https://t.co/KtMF6zGWmj",https://twitter.com/user/status/1428919603183472644,"#COVID19mx Finalmente caricati gli open data del @SSalud_mx, comincio ad elaborarli...ccp @ZorlakRules
https://t.co/KtMF6zGWmj"
1428911187438211078,es,Sat Aug 21 02:45:49 +0000 2021,Seguimos sin datos abiertos para el d√≠a de hoy. La @SSalud_mx se est√° luciendo.,https://twitter.com/user/status/1428911187438211078,Non abbiamo ancora dati aperti per oggi. Il @SSalud_mx √® in mostra.
1428906620189294595,es,Sat Aug 21 02:27:40 +0000 2021,"La @SSalud_mx comparte los #DatosAbiertos de #COVID19 a las 17:00 hrs, hasta el momento (21:27 hrs) no los ha publicado, datos que utilizo para compartir los reportes con las cifras actualizadas.

- Datos abiertos: https://t.co/NGN8EBYICe

cc: @RicardoDGPS @DGEMexico @HLGatell https://t.co/LqGeQXzgrz",https://twitter.com/user/status/1428906620189294595,"@SSalud_mx condivide gli #OpenData di # COVID19 alle 17:00, finora (21:27) non li ha pubblicati, dati che utilizzo per condividere i report con dati aggiornati.

- Dati aperti: https://t.co/NGN8EBYICe

cc: @RicardoDGPS @DGEMexico @HLGatell https://t.co/LqGeQXzgrz"
1428902634572984326,es,Sat Aug 21 02:11:50 +0000 2021,"#COVID19mx 9:11 pm y la @SSalud_mx todav√≠a no publica los datos abiertos del d√≠a de hoy, aun cuando el informe t√©cnico est√° publicado desde las 5:00 pm.
ccp @HLGatell @RicardoDGPS https://t.co/JQ4dfXfsIl",https://twitter.com/user/status/1428902634572984326,"# COVID19mx 21:11 e @SSalud_mx ancora non pubblicano gli open data di oggi, anche se la relazione tecnica √® stata pubblicata dalle 17:00.
ccp @HLGatell @RicardoDGPS https://t.co/JQ4dfXfsIl"
1428900129071845377,es,Sat Aug 21 02:01:53 +0000 2021,"Siguen sin subir los datos abiertos de la @SSalud_mx para el d√≠a de hoy. @HLGatell, espero que no vayan a cerrar la llave de la informaci√≥n, es lo √∫nico que te falta hacer.",https://twitter.com/user/status/1428900129071845377,"Ancora non caricano i dati aperti di @SSalud_mx per oggi. @HLGatell, spero che non chiudano la chiave delle informazioni, √® l'unica cosa che devi fare."
1428888863574007809,es,Sat Aug 21 01:17:07 +0000 2021,"CandiDATO Limpio 2021 ‚úîÔ∏è
.
Iniciativa que fomenta la participaci√≥n c√≠vica y el voto consciente a trav√©s de la informaci√≥n üó≥
.
‚úîÔ∏è Datos abiertos
‚úîÔ∏èDebates
‚úîÔ∏èParticipaci√≥n c√≠vica 

üöÄ Lanzamiento oficial: jueves 26 de agosto 

#candiDATOlimpio #Municipales2021 https://t.co/oyZRvZF98d",https://twitter.com/user/status/1428888863574007809,"Data pulita 2021 ‚úîÔ∏è
.
Iniziativa che incoraggia la partecipazione civica e il voto consapevole attraverso l'informazione üó≥
.
‚úîÔ∏è Dati aperti
Ô∏èDibattiti
Ô∏èPartecipazione civica

üöÄ Lancio ufficiale: gioved√¨ 26 agosto

#candiDATOlimpio # Municipales2021 https://t.co/oyZRvZF98d"
1428888165322997760,es,Sat Aug 21 01:14:20 +0000 2021,"#COVID19mx Pues ya 8:14 pm y la @SSalud_mx todav√≠a no publica los datos abiertos del d√≠a de hoy, aun cuando el informe t√©cnico est√° publicado desde las 5:00 pm.
ccp @HLGatell @RicardoDGPS",https://twitter.com/user/status/1428888165322997760,"#COVID19mx Ebbene, gi√† le 20:14 e @SSalud_mx ancora non pubblica gli open data di oggi, anche se la relazione tecnica √® stata pubblicata dalle 17:00.
ccp @HLGatell @RicardoDGPS"
1428870416244912129,es,Sat Aug 21 00:03:49 +0000 2021,Morena presume transparencia del gobierno pero ya son casi 8 meses sin datos abiertos de vacunaci√≥n https://t.co/fPY7wy9HoO v√≠a @elsabuesoap,https://twitter.com/user/status/1428870416244912129,Morena vanta la trasparenza del governo ma sono passati quasi 8 mesi senza dati di vaccinazione aperti https://t.co/fPY7wy9HoO via @elsabuesoap
1428862850332827654,pt,Fri Aug 20 23:33:45 +0000 2021,"BOLETIM @brasil_io #COVID19 n¬∫ 441 (20/08)

CASOS: 20.534.547 (+ 34.128)*
√ìBITOS: 573.843 (+ 895)*

Painel: https://t.co/z1gwFeGAge
Boletins: https://t.co/s8f7I2Or52
Doe: https://t.co/lJ5cCwBuYm üí≥

#BoletimCOVIDreal #opendata #crowdfunding https://t.co/VcPQm679yp",https://twitter.com/user/status/1428862850332827654,"BOLLETTINO @brasil_io #COVID19 n¬∫ 441 (20/08)

CASI: 20.534.547 (+ 34.128)*
MORTI: 573.843 (+895)*

Pannello: https://t.co/z1gwFeGAge
Bollettini: https://t.co/s8f7I2Or52
Dona: https://t.co/lJ5cCwBuYm üí≥

#COVIDreal Bulletin #opendata #crowdfunding https://t.co/VcPQm679yp"
1428841072885706756,es,Fri Aug 20 22:07:13 +0000 2021,"Morena presume en sus redes sociales que el gobierno de Andr√©s Manuel L√≥pez Obrador ‚Äúes un gobierno con datos abiertos y transparencia‚Äù, pero la administraci√≥n federal acumula casi 8 meses sin publicar los datos abiertos de la vacunaci√≥n contra COVID-19

https://t.co/iwy38casZy",https://twitter.com/user/status/1428841072885706756,"Morena si vanta nei suoi social network che il governo di Andr√©s Manuel L√≥pez Obrador ""√® un governo con dati aperti e trasparenza"", ma l'amministrazione federale ha accumulato quasi 8 mesi senza pubblicare i dati aperti della vaccinazione contro il COVID-19

https://t.co/iwy38casZy"
1428831035589079045,fr,Fri Aug 20 21:27:19 +0000 2021,"[Aper√ßu de la 2e journ√©e]
‚úÖInitiation au cadre macro-√©conomique de la Guin√©e  
‚úÖInitiation √† l‚Äôopen Data  
‚úÖComment int√©grer la Guin√©e √† l‚ÄôOBS de @OpenBudgets 
‚úÖQuelle organisation pour un suivi budg√©taire citoyen plus efficace ? 
#Kibaro #OpenGuinee https://t.co/cx9lmsyp73",https://twitter.com/user/status/1428831035589079045,"[Anteprima giorno 2]
‚úÖIntroduzione al quadro macroeconomico della Guinea
‚úÖ Introduzione agli open data
‚úÖCome integrare la Guinea nell'OBS di @OpenBudgets
‚úÖQuale organizzazione per un monitoraggio pi√π efficiente del budget dei cittadini?
#Kibaro #OpenGuinee https://t.co/cx9lmsyp73"
1428822955144798209,en,Fri Aug 20 20:55:13 +0000 2021,"Every day, trees are hard at work capturing carbon, enhancing biodiversity, providing habitat, retaining water, providing shade and refreshing the air we breathe.
 
See every tree in the City inventory on the Trees Map on Open Data Portal: https://t.co/EVxAT2AJkM
 #yegparks https://t.co/FIS7cItGNi",https://twitter.com/user/status/1428822955144798209,"Ogni giorno, gli alberi lavorano duramente per catturare il carbonio, migliorare la biodiversit√†, fornire l'habitat, trattenere l'acqua, fornire ombra e rinfrescare l'aria che respiriamo.
 
Guarda tutti gli alberi nell'inventario della citt√† sulla mappa degli alberi sul portale Open Data: https://t.co/EVxAT2AJkM
 #yegparks https://t.co/FIS7cItGNi"
1428820176942796804,en,Fri Aug 20 20:44:11 +0000 2021,"@Pouriaaa @danc00ks0n @alexselby1770 @ritwik_priya understood - we should expect no less.  and whatever the outcome on this, please know that we really appreciate the work you &amp; the rest of the team are doing on the dashboard, it continues to be a wonderful resource and an exemplar for how open data should be done.",https://twitter.com/user/status/1428820176942796804,"@Pouriaaa @danc00ks0n @alexselby1770 @ritwik_priya capito - non dovremmo aspettarci di meno. e qualunque sia il risultato, sappi che apprezziamo davvero il lavoro che tu e il resto del team state svolgendo sulla dashboard, che continua a essere una risorsa meravigliosa e un esempio di come dovrebbero essere fatti gli open data."
1428814540440014852,fr,Fri Aug 20 20:21:47 +0000 2021,Beaucoup d'enqu√™tes ici se heurtent sur la disponibilit√© des donn√©es. Des fois elles n'existent m√™me pas o√π sont en retard. Dommage. Il nous faut une vraie culture du data et de l'open data.,https://twitter.com/user/status/1428814540440014852,Molti sondaggi qui si scontrano sulla disponibilit√† dei dati. A volte non esistono nemmeno o sono in ritardo. Peccato. Abbiamo bisogno di una vera cultura dei dati e dei dati aperti.
1428814097173426179,es,Fri Aug 20 20:20:01 +0000 2021,"Aunque el gobierno se presume como transparente, desde el inicio de la vacunaci√≥n contra COVID, solo ha informado de la administraci√≥n de las dosis en sus comunicados y conferencias, sin difundir datos abiertos.

Por @ElSabuesoAPüê∂.
https://t.co/Jj06zaXd5A",https://twitter.com/user/status/1428814097173426179,"Sebbene si presuma che il governo sia trasparente, dall'inizio della vaccinazione contro il COVID, ha riferito solo sulla somministrazione delle dosi nelle sue comunicazioni e conferenze, senza diffondere dati aperti.

Di @ElSabuesoAPüê∂.
https://t.co/Jj06zaXd5A"
1428809568511987715,es,Fri Aug 20 20:02:01 +0000 2021,"S√≠, s√≠, Morena presume que ""la 4T es un gobierno con datos abiertos y transparencia‚Äù, PERO desde el inicio de la vacunaci√≥n contra COVID, la administraci√≥n actual no ha difundido datos abiertos sobre la administraci√≥n de las dosisüê∂üîé.
https://t.co/eYSfjSWFSn",https://twitter.com/user/status/1428809568511987715,"S√¨, s√¨, Morena presume che ""Q4 √® un governo con dati aperti e trasparenza"", MA dall'inizio della vaccinazione contro il COVID, l'attuale amministrazione non ha rilasciato dati aperti sulla somministrazione delle dosiüê∂üîé.
https://t.co/eYSfjSWFSn"
1428782894512812035,en,Fri Aug 20 18:16:02 +0000 2021,How does #opendata from weather radar help scientists improve our understanding of the environment? Learn on the AWS Public Sector Blog. ‚òÇÔ∏è ‚òÄÔ∏è ‚ùÑÔ∏è https://t.co/hUYQeX4n9l https://t.co/vCVub8qiQs,https://twitter.com/user/status/1428782894512812035,In che modo gli #opendata dei radar meteorologici aiutano gli scienziati a migliorare la nostra comprensione dell'ambiente? Ulteriori informazioni sul blog del settore pubblico di AWS. ‚òÇÔ∏è ‚òÄÔ∏è ‚ùÑÔ∏è https://t.co/hUYQeX4n9l https://t.co/vCVub8qiQs
1428775662798753794,it,Fri Aug 20 17:47:18 +0000 2021,"Non ci crederei se non l'avessi appena visto con i miei occhi: nei file scaricabili con i risultati delle elezioni di Roma 2016 (peraltro formattati in modo osceno) c'√® un trojan.
Per la precisione, nel file .7z del municipio 13, a questo link: 
https://t.co/sE3ICBq5lP
#OpenData?",https://twitter.com/user/status/1428775662798753794,"Non ci crederei se non l'avessi appena visto con i miei occhi: nei file scaricabili con i risultati delle elezioni di Roma 2016 (peraltro formattati in modo osceno) c'√® un trojan.
Per la precisione, nel file .7z del municipio 13, a questo link: 
https://t.co/sE3ICBq5lP
#OpenData?"
1428771761601007622,es,Fri Aug 20 17:31:47 +0000 2021,"La autodenominada transformaci√≥n

Morena presume transparencia del gobierno, pero no hay datos abiertos de vacunas https://t.co/RLPvrdPqH8",https://twitter.com/user/status/1428771761601007622,"La cosiddetta trasformazione

Morena vanta la trasparenza del governo, ma nessun dato sui vaccini aperti https://t.co/RLPvrdPqH8"
1428766620734853122,es,Fri Aug 20 17:11:22 +0000 2021,#COVID19mx Morena presume transparencia del gobierno pero ya son casi 8 meses sin datos abiertos de vacunaci√≥n. Exijamos #DatosAbiertosVacunaci√≥n https://t.co/Zea39ksunV a trav√©s de @elsabuesoap,https://twitter.com/user/status/1428766620734853122,# COVID19mx Morena presume la trasparenza del governo ma sono gi√† passati quasi 8 mesi senza dati di vaccinazione aperti. Chiediamo #OpenDataVaccination https://t.co/Zea39ksunV tramite @elsabuesoap
1428747973236871174,en,Fri Aug 20 15:57:16 +0000 2021,"With the right tools, you can get the best out of #opendata. 
Credits to @swiss_geoportal and @Sketchfab for the viewer
1) Google
2) Cesium
3) MapBox
4) ElevationAPI https://t.co/xby3aBeuAo",https://twitter.com/user/status/1428747973236871174,"Con gli strumenti giusti puoi ottenere il meglio da #opendata.
Ringraziamenti a @swiss_geoportal e @Sketchfab per lo spettatore
1) Google
2) Cesio
3) MapBox
4) ElevationAPI https://t.co/xby3aBeuAo"
1428740121768038405,en,Fri Aug 20 15:26:04 +0000 2021,"I am strongly considering creating a #PlatinumOpenAccess journal (that means free to publish in &amp; free to view) for environmental science in the next few years. --A journal run by the people for the people.

What do you want the future of publishing to look like?

#OpenScience",https://twitter.com/user/status/1428740121768038405,"Sto seriamente pensando di creare una rivista #PlatinumOpenAccess (che significa libera pubblicazione e visualizzazione gratuita) per le scienze ambientali nei prossimi anni. --Un diario gestito dalle persone per le persone.

Come vuoi che sia il futuro dell'editoria?

#OpenScience"
1428732745665196038,en,Fri Aug 20 14:56:45 +0000 2021,"(I would do this adjustment, but we don't have the data to do it. I take from the province's note today that they are working on this¬†‚Äî which would not surprise me as Ontario's Open Data has been just excellent throughout the pandemic.)",https://twitter.com/user/status/1428732745665196038,"(Farei questo aggiustamento, ma non abbiamo i dati per farlo. Prendo oggi dalla nota della provincia che stanno lavorando su questo, il che non mi sorprenderebbe dato che gli Open Data dell'Ontario sono stati semplicemente eccellenti durante la pandemia. )"
1428722964606988290,es,Fri Aug 20 14:17:53 +0000 2021,"‚ÄºÔ∏è@PartidoMorenaMx presume q @GobiernoMX ‚Äúes un gobierno con datos abiertos y transparencia‚Äù, pero acumula 8 meses sin publicar datos abiertos de la vacunaci√≥n #Covid_19, algo q han exigido especialistas para analizar las fallas de esa tarea. @juliangt2011 https://t.co/jVmviA3J7D https://t.co/psnFY8ceWR",https://twitter.com/user/status/1428722964606988290,"‚ÄºÔ∏è @ PartidoMorenaMx presume che @G GobiernoMX ‚Äúsia un governo con dati aperti e trasparenza‚Äù, ma ha accumulato 8 mesi senza pubblicare dati aperti sulla vaccinazione #Covid_19, cosa che gli specialisti hanno richiesto per analizzare i fallimenti di questo compito. @ juliangt2011 https://t.co/jVmviA3J7D https://t.co/psnFY8ceWR"
1428711024887271425,es,Fri Aug 20 13:30:27 +0000 2021,"#HoyEnAnimal | Morena presume que el gobierno de @lopezobrador_ ""es con datos abiertos y transparencia‚Äù; no obstante, la administraci√≥n acumula casi 8 meses sin publicar los datos abiertos de la vacunaci√≥n contra COVID-19.

Olfate√≥ @ElSabuesoAP üêæ:
https://t.co/Jj06zaXd5A",https://twitter.com/user/status/1428711024887271425,"#HoyEnAnimal | Morena presume che il governo di @lopezobrador_ ""sia con dati aperti e trasparenza""; tuttavia, l'amministrazione ha accumulato quasi 8 mesi senza pubblicare dati aperti sulla vaccinazione contro il COVID-19.

Annusato @ElSabuesoAP üêæ:
https://t.co/Jj06zaXd5A"
1428707791699681288,es,Fri Aug 20 13:17:36 +0000 2021,"En #datosabiertos del gobierno de #Peru, veo que @ONPE_oficial ha publicado los datos completos de las √∫ltimas elecciones. Pueden verlos en: https://t.co/lDWCcVXcp3)

@tabo https://t.co/bngTxDavQ0",https://twitter.com/user/status/1428707791699681288,"In #datosopen del governo del #Per√π, vedo che @ONPE_oficial ha pubblicato i dati completi delle ultime elezioni. Puoi vederli su: https://t.co/lDWCcVXcp3)

@tabo https://t.co/bngTxDavQ0"
1428697410428092423,es,Fri Aug 20 12:36:21 +0000 2021,"Morena presume transparencia del gobierno, pero no hay datos abiertos de vacunas, ¬øque esconden, que temen  y que no quieren que sepamos? https://t.co/7HGHP6RwvX",https://twitter.com/user/status/1428697410428092423,"Morena vanta la trasparenza del governo, ma non ci sono dati aperti sui vaccini, cosa nascondono, di cosa hanno paura e cosa non vogliono farci sapere? https://t.co/7HGHP6RwvX"
1428694337391677441,fr,Fri Aug 20 12:24:08 +0000 2021,"@GrenobleAlpes Et donc d√®s lundi, j'aurais le plaisir de rejoindre les √©quipes du @cstb_fr pour travailler sur des projets li√©s √† la r√©novation √©nerg√©tiques des b√¢timents. 
Et bien s√ªr avec du #SIG, de l'open Data et du @postGIS dedans üëçüëçüëç",https://twitter.com/user/status/1428694337391677441,"@GrenobleAlpes E quindi da luned√¨ avrei il piacere di unirmi ai team di @cstb_fr per lavorare su progetti legati alla riqualificazione energetica degli edifici.
E ovviamente con #SIG, open Data e @postGIS al suo interno üëçüëçüëç"
1428693730194755584,fr,Fri Aug 20 12:21:43 +0000 2021,"Dans la rubrique ""faits marquants"", le bulletin climatique MF de juillet (disponible √† tous via les donn√©es publiques) montre, entre autres choses, une carte des cumuls de pluie remarquables sur juin/juillet.‚§µÔ∏è 
https://t.co/lY8renqwhf https://t.co/IpG3cGXExI",https://twitter.com/user/status/1428693730194755584,"Nella sezione ""highlights"", il bollettino climatico MF di luglio (disponibile a tutti tramite dati pubblici) mostra, tra l'altro, una mappa degli accumuli di precipitazioni notevoli nel periodo giugno/luglio.‚§µÔ∏è
https://t.co/lY8renqwhf https://t.co/IpG3cGXExI"
1428692884123885579,fr,Fri Aug 20 12:18:22 +0000 2021,"Equivalent de la population belge de 18 ans et plus

ayant re√ßu au moins une dose: 

‚ñì‚ñì‚ñì‚ñì‚ñì‚ñì‚ñì‚ñì‚ñì‚ñì‚ñì‚ñì‚ñë‚ñë‚ñë 84.76%

totalement vaccin√©e: 

‚ñì‚ñì‚ñì‚ñì‚ñì‚ñì‚ñì‚ñì‚ñì‚ñì‚ñì‚ñì‚ñë‚ñë‚ñë 82.09%

En date du 2021-08-19
Source : open data de Sciensano",https://twitter.com/user/status/1428692884123885579,"Equivalente alla popolazione belga di 18 anni e pi√π

che hanno ricevuto almeno una dose:

84,76%

completamente vaccinato:

82,09%

A partire dal 2021-08-19
Fonte: dati aperti da Sciensano"
1428676712531996675,en,Fri Aug 20 11:14:06 +0000 2021,"SciLifeLab Data Repository, powered by @Figshare, is a repository for publishing any kind of research-related data, e.g. documents, figures, or presentations. It is an open data repository used by researchers in numerous disciplines.
More:https://t.co/N2lkBHdlyh
@scilifelab https://t.co/MIqJEAmD9a",https://twitter.com/user/status/1428676712531996675,"SciLifeLab Data Repository, powered by @Figshare, √® un repository per la pubblicazione di qualsiasi tipo di dati relativi alla ricerca, ad es. documenti, figure o presentazioni. √à un repository di dati aperto utilizzato dai ricercatori in numerose discipline.
Altro: https://t.co/N2lkBHdlyh
@scilifelab https://t.co/MIqJEAmD9a"
1428667299611959297,en,Fri Aug 20 10:36:42 +0000 2021,"#EUSpace for #DigitalEU

Geospatial #OpenData are the new oil for #Startups &amp; #SMEs üë©‚Äçüíª

They are opening new horizons for innovative products and services, well beyond imaginationüåç

Explore how the EU Space Programme üá™üá∫üõ∞Ô∏èsupports new ideas üí°
üîóhttps://t.co/MP7ULjgE30 https://t.co/Ixw3BaxXVc",https://twitter.com/user/status/1428667299611959297,"#EUSpazio per #DigitalEU

I geospaziali #OpenData sono il nuovo petrolio per #Startup e #PMI üë©u200düíª

Stanno aprendo nuovi orizzonti per prodotti e servizi innovativi, ben oltre l'immaginazioneüåç

Scopri come il programma spaziale dell'UE üá™üá∫üõ∞Ô∏èsostiene nuove idee üí°
üîóhttps://t.co/MP7ULjgE30 https://t.co/Ixw3BaxXVc"
1428662546014392321,en,Fri Aug 20 10:17:48 +0000 2021,There's a lot to digest here pertaining to Pausanias. But equally important is the news: #Peripleo is back! Only not as you know it. It's now browser-based and will be adaptable to the kind of (open) data resources you want to highlight and explore.,https://twitter.com/user/status/1428662546014392321,C'√® molto da digerire qui riguardo a Pausania. Ma altrettanto importante √® la notizia: #Peripleo √® tornato! Solo non come lo conosci. Ora √® basato su browser e sar√† adattabile al tipo di risorse di dati (aperte) che desideri evidenziare ed esplorare.
1428655681305989123,de,Fri Aug 20 09:50:32 +0000 2021,#OGD als Teil einer modernen Verwaltung: Das ist unsere Vision f√ºr #OpenData im Kanton #Thurgau. Das neu lanciert OGD-Forum soll die gemeinsame Weiterentwicklung von OGD f√∂rdern. Diese Woche fand die Auftaktveranstaltung mit Referent @maemst statt. @Kanton_Thurgau @ThurGIS https://t.co/CiUhsUm1WC,https://twitter.com/user/status/1428655681305989123,#OGD come parte di un'amministrazione moderna: questa √® la nostra visione per #OpenData nel Cantone di #Turgovia. Il forum OGD appena lanciato ha lo scopo di promuovere l'ulteriore sviluppo congiunto di OGD. Questa settimana si √® svolto il kick-off event con lo speaker @maemst. @Kanton_Thurgau @ThurGIS https://t.co/CiUhsUm1WC
1428654337090281474,it,Fri Aug 20 09:45:11 +0000 2021,"Andamenti delle vaccinazioni (1üî¥ e 2üü¢ dosi) e del numero di soggetti in stato clinico SEVERO‚ö´Ô∏è
ü§î
Notare ventenni e trentenni
ü§∑üèª‚Äç‚ôÄÔ∏è
Fonti: https://t.co/zqL54G2HE0 https://t.co/fW4OdngwTg https://t.co/CeEIYX4FWX",https://twitter.com/user/status/1428654337090281474,"Andamenti delle vaccinazioni (1üî¥ e 2üü¢ dosi) e del numero di soggetti in stato clinico SEVERO‚ö´Ô∏è
ü§î
Notare ventenni e trentenni
ü§∑üèªu200d‚ôÄÔ∏è
Fonti: https://t.co/zqL54G2HE0 https://t.co/fW4OdngwTg https://t.co/CeEIYX4FWX"
1428646960362307586,nl,Fri Aug 20 09:15:52 +0000 2021,"@IkNet Het meest opvallend is het volgende: Juist bij de ouderen vallen meer doden, terwijl zij toch zijn gevaccineerd EN er vorig jaar bijna 15000 extra zijn overleden (Dus ondersterfte zou je eerder verwachten)
Oordeel zelf maar:

https://t.co/6yceax2zWC",https://twitter.com/user/status/1428646960362307586,"@IkNet Il pi√π sorprendente √® il seguente: si verificano pi√π decessi tra gli anziani, anche se sono vaccinati E quasi 15.000 in pi√π sono morti l'anno scorso (quindi ti aspetteresti un tasso di mortalit√† pi√π basso)
Giudica tu stesso:

https://t.co/6yceax2zWC"
1428634839893299205,en,Fri Aug 20 08:27:43 +0000 2021,This great review article '#Deeplearning in electron microscopy' by @JeffreyMarkEde @warwickuni @WarwickPhysics hits 1000 downloads! https://t.co/sEha7w4jC8 #machinelearning #compchem #microscopy #materials #bigdata #HPC #AI #neuralnetworks #Python #imaging #opendata #algorithms https://t.co/oJB0DJChAm,https://twitter.com/user/status/1428634839893299205,"Questo fantastico articolo di recensione ""#Deeplearning in microscopia elettronica"" di @JeffreyMarkEde @warwickuni @WarwickPhysics ha raggiunto i 1000 download! https://t.co/sEha7w4jC8 #machinelearning #compchem #microscopy #materials #bigdata #HPC #AI #neuralnetworks #Python #imaging #opendata #algorithms https://t.co/oJB0DJChAm"
1428628919352053761,en,Fri Aug 20 08:04:11 +0000 2021,"Delighted to be part of the #GovHack2021 opening ceremony tonight! 

@VicGovAu has been a proud supporter of @GovHackAU over the last decade and we are pleased to be a gold sponsor once again.

Happy hacking everyone! @Data_Vic #OpenData #DataVic",https://twitter.com/user/status/1428628919352053761,"Felice di far parte della cerimonia di apertura #GovHack2021 stasera!

@VicGovAu √® stato un orgoglioso sostenitore di @GovHackAU nell'ultimo decennio e siamo lieti di essere ancora una volta uno sponsor d'oro.

Buon hackeraggio a tutti! @Data_Vic #OpenData #DataVic"
1428625541859532804,ca,Fri Aug 20 07:50:46 +0000 2021,"üó£Ô∏è Constru√Øm el #PlaAcci√≥ #OGPCatalunya amb la societat civil. Vine als debats, fes sentir la teva veu 

‚û°Ô∏è Drets de les #dones 
‚û°Ô∏è Ecosistema de #participaci√≥ciutadana
‚û°Ô∏è #Integritatp√∫blica i #bongovern
‚û°Ô∏è Governan√ßa de #dadesobertes
‚û°Ô∏è Qualitat de vida 

https://t.co/LPCHCJWzbS https://t.co/btYhBKtXKX",https://twitter.com/user/status/1428625541859532804,"üó£Ô∏èCostruiamo la #PaAcci√≥ #OGPCatalunya con la societ√† civile. Vieni ai dibattiti, fai sentire la tua voce

‚û°Ô∏èDiritti delle #donne
‚û°Ô∏è Ecosistema di #partecipazionecittadino
‚û°Ô∏è #Integrit√† pubblica e #bongoverno
‚û°Ô∏è Governance di #opiddata
Ô∏è Qualit√† della vita

https://t.co/LPCHCJWzbS https://t.co/btYhBKtXKX"
1428619429353504774,fr,Fri Aug 20 07:26:29 +0000 2021,"Existe-t-il des donn√©es publiques qui indiquent les traitements re√ßus ou l'absence de traitement des personnes hospitalis√©es, et non uniquement leur statut vaccinal ? Et sur le nombre de malades ayant re√ßu tel ou tel traitement, combien sont hospitalis√©s ? Soyons honn√™tes.",https://twitter.com/user/status/1428619429353504774,"Esistono dati pubblici che indicano le cure ricevute o la mancata cura delle persone ricoverate, e non solo il loro stato vaccinale? E del numero di pazienti che hanno ricevuto questo o quel trattamento, quanti sono ricoverati? Diciamo la verit√†."
1428610892057415684,de,Fri Aug 20 06:52:33 +0000 2021,"Im #Portr√§t: @ThilakMahendran hat etwas getan, was wohl nicht viele tun w√ºrden: Er kehrte @IBMDACH den R√ºcken, um beim #Bundesverwaltungsamt anzuheuern. Seit zehn Monaten leitet er dort das Kompetenzzentrum #OpenData. Hier testen und lesen: https://t.co/tjTWPtj51Z",https://twitter.com/user/status/1428610892057415684,Nel #ritratto: @ThilakMahendran ha fatto qualcosa che probabilmente non molti farebbero: ha voltato le spalle a @IBMDACH per unirsi al #Bundesverwaltungsamt. Da dieci mesi dirige il centro di competenza #OpenData. Prova e leggi qui: https://t.co/tjTWPtj51Z
1428610332482736129,en,Fri Aug 20 06:50:20 +0000 2021,"#APENATION #DD TEAM ASSEMBLE!
@SECGov  just announced open data enhancements that provide #public access to #financial #statements and other disclosures made by publicly-traded #companies on its Electronic Data Gathering, Analysis, and Retrieval system (EDGAR)
$AMC $GME https://t.co/Vky66Zxhz4",https://twitter.com/user/status/1428610332482736129,"#APENATION #DD ASSEMBLEA DEL TEAM!
@SECGov ha appena annunciato miglioramenti dei dati aperti che forniscono l'accesso #pubblico alle #dichiarazioni finanziarie e ad altre divulgazioni fatte da #societ√† quotate in borsa sul suo sistema di raccolta, analisi e recupero di dati elettronici (EDGAR)
$AMC $GME https://t.co/Vky66Zxhz4"
1428608995527364613,en,Fri Aug 20 06:45:01 +0000 2021,"76% of surveyed #lifescience #SMEs said their product or service couldn‚Äôt exist without #opendata. 

ELIXIR ensures that innovators &amp; researchers can utilise open data - read more in our new report which quantifies the benefits of open data on innovation.
https://t.co/NtZt5BDCiD https://t.co/ctH2LD0z0d",https://twitter.com/user/status/1428608995527364613,"Il 76% delle #PMI di #lifescience intervistate ha affermato che il proprio prodotto o servizio non potrebbe esistere senza #opendata.

ELIXIR garantisce che innovatori e ricercatori possano utilizzare i dati aperti - leggi di pi√π nel nostro nuovo rapporto che quantifica i vantaggi dei dati aperti sull'innovazione.
https://t.co/NtZt5BDCiD https://t.co/ctH2LD0z0d"
1428584122180534279,en,Fri Aug 20 05:06:11 +0000 2021,"""CipherProxy‚Äòs first tier‚Äì1 project will be to develop an Open Data Marketplace for the @Dfinity #InternetComputer ecosystem."" https://t.co/0AqC7OSGgN",https://twitter.com/user/status/1428584122180534279,"""Il primo progetto di livello 1 di CipherProxy sar√† lo sviluppo di un mercato dei dati aperti per l'ecosistema @Dfinity #InternetComputer."" https://t.co/0AqC7OSGgN"
1428569677031100416,en,Fri Aug 20 04:08:47 +0000 2021,"The public loses whether with prolonged quarantine or with loosened quaratine policies without sufficient tracing, testing, vaccinations, HCWs and allied professionals, infrastructure, compensation and benefits for HCWs and allied professionals, social aid, and open data.",https://twitter.com/user/status/1428569677031100416,"Il pubblico perde con una quarantena prolungata o con politiche di quarantena allentate senza sufficienti tracciamenti, test, vaccinazioni, operatori sanitari e professionisti alleati, infrastrutture, compensazione e benefici per gli operatori sanitari e professionisti alleati, aiuti sociali e dati aperti."
1428552796559732744,th,Fri Aug 20 03:01:42 +0000 2021,"My version of ‡∏´‡∏¢‡∏∏‡∏î‡πÇ‡∏Å‡∏á
1. ‡πÄ‡∏≠‡∏≤‡∏Ç‡πâ‡∏≠‡∏°‡∏π‡∏•‡∏°‡∏≤‡∏Å‡∏≤‡∏á ‡∏™‡∏ô‡∏±‡∏ö‡∏™‡∏ô‡∏∏‡∏ô Open-data governance ‡∏ó‡∏±‡πâ‡∏á‡∏£‡∏±‡∏ê‡∏ö‡∏≤‡∏• ‡∏£‡∏≤‡∏ä‡∏Å‡∏≤‡∏£ ‡πÅ‡∏•‡∏∞‡πÄ‡∏≠‡∏Å‡∏ä‡∏ô
2. ‡∏ï‡∏£‡∏∞‡∏´‡∏ô‡∏±‡∏Å‡∏£‡∏π‡πâ‡πÉ‡∏´‡πâ‡πÑ‡∏î‡πâ‡∏ß‡πà‡∏≤‡πÇ‡∏Å‡∏á‡∏°‡∏±‡∏ô‡∏°‡∏µ‡∏´‡∏•‡∏≤‡∏¢‡∏£‡∏π‡∏õ‡πÅ‡∏ö‡∏ö
3. ‡∏ú‡∏î‡∏∏‡∏á‡∏Ñ‡∏ß‡∏≤‡∏°‡∏¢‡∏∏‡∏ï‡∏¥‡∏ò‡∏£‡∏£‡∏°‡∏Ç‡∏≠‡∏á‡∏ï‡∏∏‡∏•‡∏≤‡∏Å‡∏≤‡∏£ ‡∏•‡∏á‡πÇ‡∏ó‡∏©‡∏Ñ‡∏ô‡πÇ‡∏Å‡∏á‡πÉ‡∏´‡πâ‡πÑ‡∏î‡πâ‡∏à‡∏£‡∏¥‡∏á‡πÜ
4. ‡∏õ‡∏Å‡∏õ‡πâ‡∏≠‡∏á Whistleblower",https://twitter.com/user/status/1428552796559732744,"La mia versione di Stop Cheating
1. Portare le informazioni alla diffusione, supportare la governance dei dati aperti sia per il governo, sia per il governo e per il settore privato.
2. Renditi conto che imbrogliare si presenta in molte forme.
3. Sostegno della giustizia della magistratura punire davvero gli imbroglioni
4. Proteggi l'informatore"
1428540538328846337,es,Fri Aug 20 02:12:59 +0000 2021,"@Minsa_Peru Hasta el 18/08, la cifra de 120 decesos reportada ayer es solo un valor at√≠pico en lo que va de agosto, probablemente causado por demora en los reportes. 

Los valores reportados por el MINSA est√°n concentrados entre 55 y 80. Datos Abiertos muestra inclusive cifras m√°s estables https://t.co/MH48Rg94h1",https://twitter.com/user/status/1428540538328846337,"@Minsa_Peru A partire dal 18/08, la cifra di 120 decessi segnalati ieri √® solo un'eccezione finora ad agosto, probabilmente causata da un ritardo nella segnalazione.

I valori riportati dal MINSA sono concentrati tra 55 e 80. Open Data mostra cifre ancora pi√π stabili https://t.co/MH48Rg94h1"
1428538746547232770,en,Fri Aug 20 02:05:52 +0000 2021,"Also, @CAPublicHealth: the current test positivity is 6.6% &amp; rising fast. I calculated the number following your methodology and the entirety of the data available via the state‚Äôs open data portal. Your 6.1% is plausible with a 3-7 day lag but you explicitly say you don‚Äôt do that https://t.co/oV8FeHoLG8",https://twitter.com/user/status/1428538746547232770,"Inoltre, @CAPublicHealth: l'attuale positivit√† al test √® del 6,6% e in rapida crescita. Ho calcolato il numero seguendo la tua metodologia e la totalit√† dei dati disponibili tramite il portale open data dello stato. Il tuo 6,1% √® plausibile con un ritardo di 3-7 giorni ma dici esplicitamente di non farlo https://t.co/oV8FeHoLG8"
1428526065060876296,es,Fri Aug 20 01:15:29 +0000 2021,Elaboraci√≥n propia de gr√°ficas mediante el lenguaje de programaci√≥n #JuliaLang y con datos de: https://t.co/KtMF6zGWmj [fin de hilo],https://twitter.com/user/status/1428526065060876296,Elaborazione propria di grafici utilizzando il linguaggio di programmazione #JuliaLang e con dati da: https://t.co/KtMF6zGWmj [fine thread]
1428512348235608064,es,Fri Aug 20 00:20:58 +0000 2021,"Acumulado de casos de COVID, los 10 estados que m√°s casos han reportado seg√∫n la base de datos abiertos de la DGE. 
De agosto de 2020 a este a√±o, pasamos de 700 mil a 3 millones de casos. 
Hace unos d√≠as lo compartimos desde @Signa_Lab . https://t.co/u0kU8yS7FR",https://twitter.com/user/status/1428512348235608064,"Casi accumulati di COVID, i 10 stati che hanno segnalato il maggior numero di casi secondo il database aperto del DGE.
Da agosto 2020 a quest'anno siamo passati da 700mila a 3 milioni di casi.
Qualche giorno fa lo abbiamo condiviso da @Signa_Lab. https://t.co/u0kU8yS7FR"
1428511383721709568,en,Fri Aug 20 00:17:08 +0000 2021,"Many developing countries responded in ways similar to high-income countries; by locking down major parts of their economy. These lockdowns decreased incomes and employment, causing an increase in extreme poverty (of 97 million people) https://t.co/GlOsEsdXFy via @WorldBank",https://twitter.com/user/status/1428511383721709568,"Molti paesi in via di sviluppo hanno risposto in modi simili ai paesi ad alto reddito; bloccando gran parte della loro economia. Questi blocchi hanno ridotto i redditi e l'occupazione, causando un aumento della povert√† estrema (di 97 milioni di persone) https://t.co/GlOsEsdXFy via @WorldBank"
1428506150106959872,es,Thu Aug 19 23:56:21 +0000 2021,"Sucede para datos de #SARSCoV2, sucede para datos del ""genoma peruano"".

Insisto en lo dicho por @quipupe y @pablotsukayama, la pol√≠tica de #datosabiertos debe ser una pr√°ctica ""no negociable"" para instituciones p√∫blicas y estudios financiados con fondos p√∫blicos. https://t.co/TeIfbJZZxb",https://twitter.com/user/status/1428506150106959872,"Succede per i dati # SARSCoV2, succede per i dati del ""genoma peruviano"".

Insisto su quanto detto da @quipupe e @pablotsukayama, la politica #datosopen dovrebbe essere una pratica ""non negoziabile"" per le istituzioni pubbliche e gli studi finanziati con fondi pubblici. https://t.co/TeIfbJZZxb"
1428498009017393156,en,Thu Aug 19 23:24:00 +0000 2021,"TopicÔºöModelling geographic accessibility to Primary Health Care Facilities: combining open data and geospatial analysis
AuthorsÔºöOlanrewaju LawalÔºåFelix E. Anyiam https://t.co/in1J279hJw",https://twitter.com/user/status/1428498009017393156,"ArgomentoÔºöModellazione dell'accessibilit√† geografica alle strutture sanitarie primarie: combinazione di dati aperti e analisi geospaziale
AutoriÔºöOlanrewaju LawalÔºåFelix E. Anyiam https://t.co/in1J279hJw"
1428496189037686784,pt,Thu Aug 19 23:16:46 +0000 2021,"BOLETIM @brasil_io #COVID19 n¬∫ 440 (19/08)

CASOS: 20.500.419 (+ 35.653)*
√ìBITOS: 572.948 (+ 1.030)*

Painel: https://t.co/z1gwFeGAge
Boletins: https://t.co/s8f7I2Or52
Doe: https://t.co/lJ5cCwBuYm üí≥

#BoletimCOVIDreal #opendata #crowdfunding https://t.co/ixHW1aQxBH",https://twitter.com/user/status/1428496189037686784,"BOLLETTINO @brasil_io #COVID19 N. 440 (19/08)

CASI: 20.500.419 (+ 35.653)*
MORTI: 572.948 (+ 1.030)*

Pannello: https://t.co/z1gwFeGAge
Newsletter: https://t.co/s8f7I2Or52
Dona: https://t.co/lJ5cCwBuYm üí≥

#COVIDreal Bulletin #opendata #crowdfunding https://t.co/ixHW1aQxBH"
1428490241715933185,es,Thu Aug 19 22:53:08 +0000 2021,"#COVID19mx Hoy 23,006 nuevos casos se agregan a los datos abiertos, se confirma que el dato de ayer fue elevado porque el del d√≠a anterior fue m√°s bajo de lo esperado para un d√≠a martes bajo la tendencia actual. https://t.co/qudPTmghwy",https://twitter.com/user/status/1428490241715933185,"#COVID19mx Oggi agli open data si aggiungono 23.006 nuovi casi, si conferma che il dato di ieri era alto perch√© quello del giorno precedente era inferiore alle attese per un marted√¨ sotto il trend attuale. https://t.co/qudPTmghwy"
1428478829610242048,en,Thu Aug 19 22:07:47 +0000 2021,Reproducing published work unraveled strong concerns about the credibility of an influential field experiment about dishonesty (accidentally ironically). This was made possible thanks to #OpenData and the efforts of transparency-minded researchers and whistleblowers. 1/5 https://t.co/OngP50eB8B,https://twitter.com/user/status/1428478829610242048,La riproduzione del lavoro pubblicato ha svelato forti preoccupazioni sulla credibilit√† di un influente esperimento sul campo sulla disonest√† (accidentalmente ironicamente). Ci√≤ √® stato possibile grazie a #OpenData e agli sforzi di ricercatori e informatori attenti alla trasparenza. 1/5 https://t.co/OngP50eB8B
1428469215066038275,es,Thu Aug 19 21:29:35 +0000 2021,"""Bases de datos para el #Datat√≥n2021""

Hoy cierran las incripciones para el DATAT√ìN 2021 y la mayor√≠a de las bases de datos abiertos ya est√°n listas! 

Gracias mil a todos los inscritos!!!

Los jueces y coachs estamos listos!!!

#sinciencianohayfuturo

https://t.co/5aNRFQqnDD https://t.co/I5Irq6vx1y",https://twitter.com/user/status/1428469215066038275,"""Banche dati per il # Datat√≥n2021""

Le iscrizioni si chiudono oggi per DATATON 2021 e la maggior parte dei database aperti √® pronta!

Grazie mille a tutti gli iscritti!!!

I giudici e gli allenatori sono pronti!!!

#Senza scienza non c'√® futuro

https://t.co/5aNRFQqnDD https://t.co/I5Irq6vx1y"
1428458144871587841,en,Thu Aug 19 20:45:35 +0000 2021,"Happy Birthday, @DataSF! Incredible it's been 12 years since #SF helped jumpstart an #OpenData mvmt. Important more than ever for #sf double down + make more data avail. It's the public's data!    https://t.co/sEFtnHeQfR @Jay_Nath @alissa007 @GavinNewsom @synchronouscity",https://twitter.com/user/status/1428458144871587841,"Buon compleanno, @DataSF! Incredibile sono passati 12 anni da quando #SF ha aiutato a far ripartire un mvmt #OpenData. Importante pi√π che mai per #sf double down + rendere pi√π disponibili i dati. Sono i dati del pubblico! https://t.co/sEFtnHeQfR @Jay_Nath @alissa007 @GavinNewsom @synchronouscity"
1428437108335722498,en,Thu Aug 19 19:22:00 +0000 2021,"@mruef We‚Äôve already checked the screenshots you‚Äôve posted - that‚Äôs the exact data from the opendata portal combined from two datasets. So maybe someone took free opendata to earn credits, nice move to earn credits and get unavailable data for free.",https://twitter.com/user/status/1428437108335722498,"@mruef Abbiamo gi√† controllato gli screenshot che hai pubblicato: sono i dati esatti del portale opendata combinati da due set di dati. Quindi forse qualcuno ha preso opendata gratuiti per guadagnare crediti, bella mossa per guadagnare crediti e ottenere dati non disponibili gratuitamente."
1428435304743120896,es,Thu Aug 19 19:14:50 +0000 2021,"Los #datosabiertos deben ser una prioridad de las entidades p√∫blicas, no un favor que le hacen a los ciudadanos. Pipo lo explica bien aqu√≠. 2/n
https://t.co/2Umo28JmV0",https://twitter.com/user/status/1428435304743120896,"Gli open data dovrebbero essere una priorit√† per gli enti pubblici, non un favore che fanno ai cittadini. Pipo lo spiega bene qui. 2 / n
https://t.co/2Umo28JmV0"
1428425009933033474,es,Thu Aug 19 18:33:55 +0000 2021,"¬°No te lo pierdas!

El d√≠a de ma√±ana, viernes 20 de agosto, 10 horas, el @IACIPGTO y el @INAImexico  presentar√°n la herramienta #ContratacionesAbiertas de #Guanajuato. 

#M√©xicoTransparente
#DatosAbiertos https://t.co/3POOX65vx4",https://twitter.com/user/status/1428425009933033474,"Non perderlo!

Domani, venerd√¨ 20 agosto, alle ore 10, @IACIPGTO e @INAImexico presenteranno lo strumento #Guanajuato #ContratacionesAbiertas.

#Messico trasparente
#OpenData https://t.co/3POOX65vx4"
1428407954525638657,fr,Thu Aug 19 17:26:09 +0000 2021,"Pourquoi le gouvernement fran√ßais ne rapporte-t‚Äôil plus ses donn√©es de mortalit√© nationale #COVID19 depuis le 23 juillet dernier ?
Nous ne pouvons plus analyser ni pr√©dire correctement la situation √©pid√©miologique en France !
Voici le fichier d√©faillant:
https://t.co/fyRZY8Nqf1 https://t.co/yCeDWFqene https://t.co/A9ln7RJryw",https://twitter.com/user/status/1428407954525638657,"Perch√© il governo francese non riporta pi√π i suoi dati nazionali sulla mortalit√† # COVID19 dal 23 luglio?
Non possiamo pi√π analizzare o prevedere correttamente la situazione epidemiologica in Francia!
Ecco il file difettoso:
https://t.co/fyRZY8Nqf1 https://t.co/yCeDWFqene https://t.co/A9ln7RJryw"
1428402620289347585,en,Thu Aug 19 17:04:57 +0000 2021,Disclaimer: I don't intent for this to be a pile-on! This is definitely not definitive evidence for anything; its hard to have careful critique of the work without open data but hoping this one of the things we can stitch back on as more information comes out of Ariely's projects,https://twitter.com/user/status/1428402620289347585,"Disclaimer: non intendo che questo sia un pile-on! Questa non √® sicuramente una prova definitiva per nulla; √® difficile avere un'attenta critica del lavoro senza dati aperti, ma sperando che questa sia una delle cose che possiamo ricucire man mano che pi√π informazioni escono dai progetti di Ariely"
1428394777494568961,en,Thu Aug 19 16:33:47 +0000 2021,"@MikaylaRailyn @ava_van_buren @JarrahNicole @JunoJones7 @princesezy @heyitskmatt have. and for this vaccine, it was the first time in the world that researchers made all their data on the virus and vaccine and studies and trials open data. meaning we could get the best and most accurate data to create the vaccine safely!",https://twitter.com/user/status/1428394777494568961,"@MikaylaRailyn @ava_van_buren @JarrahNicole @JunoJones7 @princesezy @heyitskmatt hanno. e per questo vaccino, √® stata la prima volta al mondo che i ricercatori hanno reso tutti i loro dati su virus e vaccino e studi e sperimentazioni open data. il che significa che potremmo ottenere i dati migliori e pi√π accurati per creare il vaccino in modo sicuro!"
1428394342180392962,en,Thu Aug 19 16:32:04 +0000 2021,"Weather radar data are useful for so many applications ranging from climate studies, to biological monitoring. With ASDI we are trying to help groups with radar data be able to share it more broadly https://t.co/KJbO732prN",https://twitter.com/user/status/1428394342180392962,I dati radar meteorologici sono utili per cos√¨ tante applicazioni che vanno dagli studi climatici al monitoraggio biologico. Con ASDI stiamo cercando di aiutare i gruppi con dati radar a condividerli in modo pi√π ampio https://t.co/KJbO732prN
1428392509093285889,en,Thu Aug 19 16:24:47 +0000 2021,"@RajBhardwajMD @GregGinYYC When working on open data I heard someone say, ""I don't want to release the data, it's only 60% accurate"" and the response was, ""if that's good enough for you to use to make a decision, it should be good enough for others too."" Perfect is the enemy of the good.",https://twitter.com/user/status/1428392509093285889,"@RajBhardwajMD @GregGinYYC Quando lavoravo su dati aperti ho sentito qualcuno dire: ""Non voglio rilasciare i dati, sono accurati solo al 60%"" e la risposta √® stata ""se √® abbastanza buono da usare per prendere una decisione, dovrebbe essere abbastanza buono anche per gli altri."" Perfetto √® il nemico del bene."
1428378550445432837,fr,Thu Aug 19 15:29:19 +0000 2021,"Les Afghans effacent rapidement leurs traces num√©riques, √† pr√©sent que les donn√©es publiques tombent entre les mains des Talibans https://t.co/zlp7XwvaFX via @datanews_fr",https://twitter.com/user/status/1428378550445432837,Gli afgani stanno rapidamente cancellando le loro tracce digitali mentre i dati pubblici cadono nelle mani dei talebani https://t.co/zlp7XwvaFX via @datanews_en
1428376130671636480,en,Thu Aug 19 15:19:42 +0000 2021,"Following the recent GA of #apachecassandra, @DataStax's CEO @ChetKapoor shares his perspective on the path forward. Combining #cassandra 4.0 with technologies likes #APIs and #kubernetes, they can build their Open Data Stack. 

https://t.co/eN05BzD92q 

#OpenSource #nosql",https://twitter.com/user/status/1428376130671636480,"A seguito della recente GA di #apachecassandra, il CEO di @DataStax @ChetKapoor condivide la sua prospettiva sul percorso da seguire. Combinando #cassandra 4.0 con tecnologie come #API e #kubernetes, possono costruire il loro Open Data Stack.

https://t.co/eN05BzD92q

#OpenSource #nosql"
1428370467874824193,en,Thu Aug 19 14:57:12 +0000 2021,"#Recap #META21 Day 4 #EMEA cohort #esportsteacheracademy
ü•≥@AriaAzizi ‚è∞Wake up ,warm up community
ü¶Å@tdore8 Explaining 
#esport qualification &amp; #edu
ü§Ø@StephenReidEdu 
#minecraft Diversity content 
üë©‚Äçü¶∞ @laylah Advisingüåç  
ü•∏  @JustinEducation Analyzing #opendata sentiment https://t.co/nkvcjdi1UX",https://twitter.com/user/status/1428370467874824193,"#Recap #META21 Giorno 4 #EMEA coorte #esportsteacheracademy
ü•≥@AriaAzizi ‚è∞Svegliati, scalda la comunit√†
@tdore8 Spiegando
#qualificazione esport & #edu
@StephenReidEdu
#minecraft Diversity content
@laylah Consigli
ü•∏ @JustinEducation Analizzando il sentimento di #opendata https://t.co/nkvcjdi1UX"
1428364906508681217,ja,Thu Aug 19 14:35:06 +0000 2021,"„Éç„ÉÉ„Éà‰∏ä„ÅÆ‰∏ÄÈÉ®„Åß„Äå8/20„Å´ÂØåÂ£´Â±±„ÅåÂô¥ÁÅ´„Åô„Çã‰∫àË®Ä„Äç„ÅåË©±È°å„Å´„Å™„Å£„Å¶„ÅÑ„Åæ„Åô„ÅÆ„ÅßÊ∞óË±°Â∫Å„ÅÆÂØåÂ£´Â±±Ë¶≥Ê∏¨Áä∂Ê≥Å„ÇíË¶ã„Å¶„Åä„Åç„Åæ„Åó„Çá„ÅÜ„ÄÇ
ÁèæÊôÇÁÇπ„Åß„ÅØÁÅ´Â±±ÊÄßÂú∞Èúá„ÇÑÂô¥ÁÅ´„ÅÆÂâçÂÖÜ„ÅØ„ÅÇ„Çä„Åæ„Åõ„Çì„ÄÇ„Åü„Å†„ÄÅ„Åù„ÅÜ„Åó„ÅüË©±È°å„ÅØ„ÄåÂÇô„Åà„Çã„Ç≠„ÉÉ„Ç´„Ç±„Äç„Å®„Åó„Å¶ÂçÅÂàÜ„Å´ÊúâÂäπ„Åß„Åô„ÄÇÊîπ„ÇÅ„Å¶Èò≤ÁÅΩÁî®ÂìÅ„ÇÑÂÇôËìÑÂìÅ„ÅÆÁ¢∫Ë™ç„Çí„ÄÇ
https://t.co/hm1hs2Kl04 https://t.co/QzNFX7ps3h",https://twitter.com/user/status/1428364906508681217,"""La profezia che il Monte Fuji esploder√† il 20/8"" √® diventato un argomento scottante su alcune parti di Internet, quindi diamo un'occhiata allo stato di osservazione del Monte Fuji da parte dell'Agenzia meteorologica giapponese.
Non ci sono segni di terremoti vulcanici o eruzioni in questo momento. Tuttavia, tali argomenti sono sufficientemente efficaci come ""calci di preparazione"". Controlla le forniture per la prevenzione dei disastri e fai nuovamente scorta.
https://t.co/hm1hs2Kl04 https://t.co/QzNFX7ps3h"
1428361778698743810,ja,Thu Aug 19 14:22:40 +0000 2021,"„Äê2021Âπ¥08Êúà18Êó•
‰πùÂ∑ûÂú∞Êñπ„ÅÆÁÅ´Â±±ÊÄßÂú∞Èúá„Äë

ÈòøËòáÂ±± 112Âõû60‚§¥Ô∏é‚ùóÔ∏è
ÈúßÂ≥∂Â±±Ôºà„Åà„Å≥„ÅÆÈ´òÂéüÔºàÁ°´ÈªÑÂ±±ÔºâÂë®Ëæ∫Ôºâ2Âõû  3Â∞ë‚§µÔ∏é
ÈúßÂ≥∂Â±±(Êñ∞ÁáÉÂ≤≥)6Âõû  5 Â∞ë‚§¥Ô∏é‚ùóÔ∏è
Ê°úÂ≥∂„ÄÄ1Âõû 14‚¨áÔ∏è‚ùóÔ∏è
Ëñ©Êë©Á°´ÈªÑÂ≥∂  4Âõû 13‚ÜòÔ∏é
Âè£Ê∞∏ËâØÈÉ®Â≥∂ 1Âõû  2 ‚ÜòÔ∏é
Ë´èË®™‰πãÁÄ¨Â≥∂  29Âõû 8‚ÜóÔ∏é‚ÄºÔ∏è‚ÄºÔ∏è

https://t.co/on808GLfue ÔæíÔæì",https://twitter.com/user/status/1428361778698743810,"[18 agosto 2021
Terremoti vulcanici nella regione di Kyushu]

Mt. Aso 112 volte 60‚§¥Ô∏é‚ùóÔ∏è
Mt. Kirishima (intorno all'altopiano Ebino (Mt. Io)) 2 volte 3 piccoli ‚§µÔ∏é
Mt. Kirishima (Shinmoedake) 6 volte 5 piccoli ‚§¥Ô∏é‚ùóÔ∏è
Sakurajima una volta 14 ‚¨áÔ∏è‚ùóÔ∏è
Satsuma Iojima 4 volte 13
Isola di Kuchinoerabu 1 volta 2 ‚ÜòÔ∏é
Suwanosejima 29 volte 8‚ÜóÔ∏é‚Äº Ô∏è‚Äº Ô∏è

https://t.co/on808GLfue memo"
1428351167872995338,es,Thu Aug 19 13:40:30 +0000 2021,"N√≥tese el desplazamiento a la derecha que tienen los casos por fecha de inclusi√≥n en los datos abiertos (curva roja) respecto a la curva azul (por fecha de inicio de s√≠ntomas), esto es justamente el efecto del rezago en el flujo de informaci√≥n. Notemos un detalle en particular...",https://twitter.com/user/status/1428351167872995338,"Si noti lo spostamento a destra che i casi hanno per data di inclusione nei dati aperti (curva rossa) rispetto alla curva blu (per data di insorgenza dei sintomi), questo √® proprio l'effetto del ritardo nel flusso di informazioni. Notiamo un dettaglio in particolare..."
1428351161795497984,es,Thu Aug 19 13:40:29 +0000 2021,"... pero apenas los incluyeron. ¬øPara qu√© sirve este dato entonces? Es una aproximaci√≥n, a veces no muy buena, del ritmo de la epidemia. Lo ideal es acomodar los casos por fecha de inicio de s√≠ntomas de cada caso, y no por la fecha en que fueron incluidos en los datos abiertos...",https://twitter.com/user/status/1428351161795497984,"... ma li includevano a malapena. A cosa servono allora questi dati? √à un'approssimazione, a volte non molto buona, del ritmo dell'epidemia. L'ideale √® sistemare i casi per data di insorgenza dei sintomi in ciascun caso e non per data in cui sono stati inclusi nei dati aperti ..."
1428351160289619982,es,Thu Aug 19 13:40:28 +0000 2021,"üßµ #COVID19mx Ayer se incluyeron 28,953 nuevos casos confirmados en los datos abiertos de la @SSalud_mx pero esto NO quiere decir que se contagiaron en las 24 horas previas. De hecho, la gran mayor√≠a de esos nuevos casos se contagiaron hace varios d√≠as o semanas... https://t.co/R9cD0oI0BO",https://twitter.com/user/status/1428351160289619982,"üßµ #COVID19mx Ieri 28.953 nuovi casi confermati sono stati inseriti negli open data del @SSalud_mx ma questo NON significa che siano stati contagiati nelle 24 ore precedenti. In effetti, la stragrande maggioranza di questi nuovi casi √® stata infettata diversi giorni o settimane fa... https://t.co/R9cD0oI0BO"
1428347299336388616,en,Thu Aug 19 13:25:08 +0000 2021,"Some additional context on daily intensity &amp; total estimated emissions of #wildfires2021Russia across Russia's Ural, Siberian &amp; Far Eastern Federal Districts since 1 June with #CopernicusAtmosphere GFAS #OpenData https://t.co/eb31VOsV5k https://t.co/UYQwMze6up",https://twitter.com/user/status/1428347299336388616,"Qualche contesto aggiuntivo sull'intensit√† giornaliera e sulle emissioni totali stimate di #wildfires2021Russia attraverso i distretti federali russi degli Urali, della Siberia e dell'Estremo Oriente dal 1 giugno con #CopernicusAtmosphere GFAS #OpenData https://t.co/eb31VOsV5k https://t.co/UYQwMze6up"
1428346302367162371,en,Thu Aug 19 13:21:10 +0000 2021,"Our groundbreaking map harnesses open data and #machinelearning to help transform management of our global ocean.

Learn more about the Global Fishing Watch map ‚û°Ô∏è https://t.co/5aQp6O68XU https://t.co/wSTUcmfLBp",https://twitter.com/user/status/1428346302367162371,"La nostra mappa innovativa sfrutta i dati aperti e il #machinelearning per aiutare a trasformare la gestione del nostro oceano globale.

Scopri di pi√π sulla mappa Global Fishing Watch ‚û°Ô∏è https://t.co/5aQp6O68XU https://t.co/wSTUcmfLBp"
1428341738091995136,pt,Thu Aug 19 13:03:02 +0000 2021,causa de morte: falta de dados abertos,https://twitter.com/user/status/1428341738091995136,causa della morte: mancanza di dati aperti
1428340020163850241,es,Thu Aug 19 12:56:12 +0000 2021,"Despu√©s de lo ayer (dentro de tanta confusi√≥n y alarmismo), est√° claro que hace falta mayor difusi√≥n de cifras v√≠a #OpenData (datos abiertos) as√≠ como ser muy atinados y cuidadosos con lo que se informa.",https://twitter.com/user/status/1428340020163850241,"Dopo ieri (tra tanta confusione e allarmismo), √® evidente che occorre una maggiore diffusione dei dati tramite #OpenData (open data) oltre che essere molto attenti e attenti a quanto riportato."
1428330346429485062,fr,Thu Aug 19 12:17:46 +0000 2021,"Equivalent de la population belge de 18 ans et plus

ayant re√ßu au moins une dose: 

‚ñì‚ñì‚ñì‚ñì‚ñì‚ñì‚ñì‚ñì‚ñì‚ñì‚ñì‚ñì‚ñë‚ñë‚ñë 84.69%

totalement vaccin√©e: 

‚ñì‚ñì‚ñì‚ñì‚ñì‚ñì‚ñì‚ñì‚ñì‚ñì‚ñì‚ñì‚ñë‚ñë‚ñë 81.89%

En date du 2021-08-18
Source : open data de Sciensano",https://twitter.com/user/status/1428330346429485062,"Equivalente alla popolazione belga di 18 anni e pi√π

che hanno ricevuto almeno una dose:

84,69%

completamente vaccinato:

81,89%

Datato 2021-08-18
Fonte: dati aperti da Sciensano"
1428329823643095045,es,Thu Aug 19 12:15:41 +0000 2021,"Desde @transparencia contaremos nuestra experiencia el d√≠a 23: ""Transparency and open data at the service of health in Castile and Leon"" https://t.co/OdqBDbmwWL",https://twitter.com/user/status/1428329823643095045,"Da @transparencia racconteremo la nostra esperienza il 23: ""Trasparenza e dati aperti al servizio della salute in Castiglia e Le√≥n"" https://t.co/OdqBDbmwWL"
1428318640231776261,en,Thu Aug 19 11:31:15 +0000 2021,"Not too sure how this was calculated.  90k seems way too high.  Tap ons in NSW in the last 6 weeks:

14 Jul - 355,200
21 Jul - 307,300
28 Jul - 321,750
4 Aug - 347,700
11 Aug - 350,050
18 Aug - 335,000

Source: https://t.co/ZVu6dqWww1 https://t.co/vrygd1DEbl",https://twitter.com/user/status/1428318640231776261,"Non sono troppo sicuro di come sia stato calcolato. 90k sembra troppo alto. Tap on nel NSW nelle ultime 6 settimane:

14 luglio - 355.200
21 luglio - 307,300
28 luglio - 321.750
4 agosto - 347.700
11 agosto - 350.050
18 agosto - 335.000

Fonte: https://t.co/ZVu6dqWww1 https://t.co/vrygd1DEbl"
1428314437967024128,en,Thu Aug 19 11:14:33 +0000 2021,"Need access to our historic Church of Scotland synod shape files &amp; data? You can now find them all uploaded onto @WikiCommons, available under Creative Commons Zero.

https://t.co/Jc8CYeT0bj

#OpenData #Wikimania https://t.co/uYD2YTPgU8",https://twitter.com/user/status/1428314437967024128,"Hai bisogno di accedere ai nostri file e dati storici del sinodo della Chiesa di Scozia? Ora puoi trovarli tutti caricati su @WikiCommons, disponibili sotto Creative Commons Zero.

https://t.co/Jc8CYeT0bj

#OpenData #Wikimania https://t.co/uYD2YTPgU8"
1428312045452148736,es,Thu Aug 19 11:05:03 +0000 2021,"üì¢ Abierto el plazo de inscripci√≥n para los #EUOpenDataDays 
üóì Los pr√≥ximos 23, 24 y 25 de noviembre tendr√° lugar la 1¬™ edici√≥n de este evento. Te contamos qu√© temas se tratar√°n y c√≥mo puedes inscribirte gratuitamente.
Consulta los detalles: https://t.co/0BF2HcFiTr @EU_opendata https://t.co/Cnjqf20oDG",https://twitter.com/user/status/1428312045452148736,"Apri il periodo di iscrizione agli #EUOpenDataDays
üóì Il prossimo 23, 24 e 25 novembre si svolger√† la 1¬∞ edizione di questo evento. Ti diciamo quali argomenti saranno trattati e come puoi registrarti gratuitamente.
Vedi i dettagli: https://t.co/0BF2HcFiTr @EU_opendata https://t.co/Cnjqf20oDG"
1428312031384461314,en,Thu Aug 19 11:04:59 +0000 2021,"Access to #opendata #opensoftware &amp; free resources is the foundation for breakthrough discoveries &amp; entrepreneurial endeavours. 

Our latest report includes results from an extensive survey, #SME testimonials &amp; analysis of hotspots of European #Innovation
https://t.co/NtZt5BDCiD https://t.co/2045RdYVdJ",https://twitter.com/user/status/1428312031384461314,"L'accesso a #opendata #opensoftware e risorse gratuite √® la base per scoperte rivoluzionarie e sforzi imprenditoriali.

Il nostro ultimo rapporto include i risultati di un ampio sondaggio, testimonianze di #PMI e analisi degli hotspot dell'#innovazione europea
https://t.co/NtZt5BDCiD https://t.co/2045RdYVdJ"
1428310924373463046,en,Thu Aug 19 11:00:35 +0000 2021,"Volume 2 deals with the historical and contemporary (up to the mid-20th century) literatures - many contributions like Caferoglu's are still worth reading.
https://t.co/d03jsLZjga
Thread 3/3 https://t.co/gBEU49bhmz",https://twitter.com/user/status/1428310924373463046,"Il volume 2 tratta delle letterature storiche e contemporanee (fino alla met√† del XX secolo) - molti contributi come quello di Caferoglu meritano ancora di essere letti.
https://t.co/d03jsLZjga
Discussione 3/3 https://t.co/gBEU49bhmz"
1428310919818453010,en,Thu Aug 19 11:00:34 +0000 2021,"Volume 1 is dedicated to historical and modern Turkic languages and was written by leading Turkologists of the time
https://t.co/3ete3t9rEk
Thread 2/3 https://t.co/mTqXxY0Vv6",https://twitter.com/user/status/1428310919818453010,"Il volume 1 √® dedicato alle lingue turche storiche e moderne ed √® stato scritto dai principali turkologi dell'epoca
https://t.co/3ete3t9rEk
Discussione 2/3 https://t.co/mTqXxY0Vv6"
1428310915699576835,en,Thu Aug 19 11:00:33 +0000 2021,"Good news for turcologists: we've digitise the first two volumes of the classic Philologiae Turcicae fundamenta (1959 and 1965)  in #openaccess on #Menadoc:
https://t.co/VCMTa0ob83
#Turkologie #Turcology
@mehmetolmeztr

Thread 1/3 https://t.co/ZexYt25GNw",https://twitter.com/user/status/1428310915699576835,"Buone notizie per i turologi: abbiamo digitalizzato i primi due volumi del classico Philologiae Turcicae fundamenta (1959 e 1965) in #openaccess su #Menadoc:
https://t.co/VCMTa0ob83
#Turkologia #Turcologia
@mehmetolmeztr

Discussione 1/3 https://t.co/ZexYt25GNw"
1428309998635978753,en,Thu Aug 19 10:56:55 +0000 2021,"""Let‚Äôs make an Open Storage Network for Biomedical Imaging"" ‚ô•Ô∏è Indeed! #bioimaging #opendata https://t.co/GolZipuBEA",https://twitter.com/user/status/1428309998635978753,"""Facciamo una rete di archiviazione aperta per l'imaging biomedico"" ‚ô•Ô∏è Infatti! #bioimaging #opendata https://t.co/GolZipuBEA"
1428297416466436103,fr,Thu Aug 19 10:06:55 +0000 2021,"üë®üèª‚ÄçüíªMise √† jour du jeu de donn√©es : Localisation des sites #rebours √† la maille nationale fran√ßaise, d√©sormais plus de 32 rebours en projet ou en service :  https://t.co/Y97Ppd3S04 https://t.co/609zAAzUAq",https://twitter.com/user/status/1428297416466436103,"üë®üèªu200düíªAggiornamento dataset: localizzazione dei siti #rebours presso la rete nazionale francese, ora pi√π di 32 rebours in progetto o in servizio: https://t.co/Y97Ppd3S04 https://t.co / 609zAAzUAq"
1428290054917693444,de,Thu Aug 19 09:37:40 +0000 2021,"Heute ver√∂ffentlicht die Bundesregierung endlich erg√§nzend zu unserem Sofortma√ünahmenpaket ihre #OpenData Strategie. ^ac

https://t.co/M6LYnfcTJ4",https://twitter.com/user/status/1428290054917693444,"Oggi il governo federale pubblica finalmente la sua strategia #OpenData oltre al nostro pacchetto di misure immediate. ^ ac

https://t.co/M6LYnfcTJ4"
1428286881809289217,es,Thu Aug 19 09:25:03 +0000 2021,"¬øSab√≠as que las zonas rurales han aumentado su n√∫mero de residentes por primera vez en 15 a√±os? üåáüó∫ Descubre el mapa elaborado por @eldiarioes sobre el √©xodo de las grandes urbes a trav√©s de los #datosabiertos del @es_INE. 
https://t.co/oWpCv4SHaE https://t.co/W89L2gSHTg",https://twitter.com/user/status/1428286881809289217,"Sapevi che le aree rurali hanno aumentato il loro numero di residenti per la prima volta in 15 anni? üåáüó∫ Scopri la mappa stilata da @eldiarioes sull'esodo dalle grandi citt√† attraverso il #datosopen di @es_INE.
https://t.co/oWpCv4SHaE https://t.co/W89L2gSHTg"
1428284351486173197,en,Thu Aug 19 09:15:00 +0000 2021,"Feeling daunted by data collection? Download our useful guide to help get you started, with advice on:

‚úÖEnsuring reproducibility
‚úÖCollaboration for data collection
‚úÖMaximizing data reuse

https://t.co/95Fxvb3xMP

#OpenData #OpenScience",https://twitter.com/user/status/1428284351486173197,"Ti senti scoraggiato dalla raccolta dati? Scarica la nostra guida utile per iniziare, con consigli su:

Garantire la riproducibilit√†
‚úÖCollaborazione per la raccolta dei dati
Massimizzare il riutilizzo dei dati

https://t.co/95Fxvb3xMP

#OpenData #OpenScience"
1428280669688446980,en,Thu Aug 19 09:00:22 +0000 2021,"#DYK about #EUSpace?

The #Copernicus #Sentinel satellites in numbers

üëâ8‚É£ in orbit
üëâ1‚É£6‚É£ TB of #OpenData delivered every day
üëâcountless applications and‚Ä¶

üëâThe best photographers in the üåç!

Today we don't just celebrate #WorldPhotographyDay2021, but also our Sentinelsüá™üá∫üõ∞Ô∏è! https://t.co/QFPrhh7mXJ",https://twitter.com/user/status/1428280669688446980,"#DYK su #EUSpace?

I satelliti #Copernico #Sentinel in numeri

8‚É£ in orbita
üëâ1‚É£6‚É£ TB di #OpenData consegnati ogni giorno
innumerevoli applicazioni e‚Ä¶

üëâI migliori fotografi del üåç!

Oggi non celebriamo solo il #WorldPhotographyDay2021, ma anche le nostre Sentinelleüá™üá∫üõ∞Ô∏è! https://t.co/QFPrhh7mXJ"
1428273180007976963,en,Thu Aug 19 08:30:36 +0000 2021,"#DYK about #EUSpace?

Our üá™üá∫üõ∞ #OpenData and @CopernicusEMS mapping products support humanitarian actors

An example? The #Copernicus Emergency Management Service is currently busy producing damage grading maps in the wake of #HaitiEarthquake2021 

#WorldHumanitarianDay ü§û‚òÆÔ∏è https://t.co/IR7hO9N3va",https://twitter.com/user/status/1428273180007976963,"#DYK su #EUSpace?

I nostri prodotti di mappatura üá™üá∫üõ∞ #OpenData e @CopernicusEMS supportano gli attori umanitari

Un esempio? Il servizio di gestione delle emergenze di #Copernico √® attualmente impegnato nella produzione di mappe di classificazione dei danni sulla scia di #HaitiEarthquake2021

#WorldHumanitarianDay ü§û‚òÆÔ∏è https://t.co/IR7hO9N3va"
1428269281821839367,de,Thu Aug 19 08:15:07 +0000 2021,"Interesse, bei uns im #techteam zu arbeiten? Wir haben verschiedene Stellen ausgeschrieben und freuen uns √ºber Bewerbungen: https://t.co/Vg4liuzbZ2 #Stellenangebot #Stellenausschreibung #Jobs #opendata #opensource #berlin #smartcity #eGovernance #jobsinBerlin https://t.co/qzglquDbFJ",https://twitter.com/user/status/1428269281821839367,Sei interessato a lavorare con noi nel #techteam? Abbiamo pubblicizzato varie posizioni e attendiamo con impazienza le candidature: https://t.co/Vg4liuzbZ2 #Stellenangebote #Stellenausschreibung #Jobs #opendata #opensource #berlin #smartcity #eGovernance #jobsinBerlin https://t.co/qplusquDbFJ
1428265631179227137,fr,Thu Aug 19 08:00:37 +0000 2021,"Les photos am√©ricaines arrivent sur @WikiCommons. D√®s que √ßa sera plus calme, @Wikimedia_Fr contactera les autorit√©s fran√ßaises pour en avoir. Mais l'audience importante est maintenant pas dans 6 mois. Voil√† pourquoi faut automatiser la diffusion des photos üá´üá∑ en #OpenData https://t.co/qrwf0ZKZ4P",https://twitter.com/user/status/1428265631179227137,"Le foto degli Stati Uniti stanno arrivando su @WikiCommons. Non appena le cose si saranno calmate, @Wikimedia_Fr contatter√† le autorit√† francesi per averne un po'. Ma il pubblico significativo ora non √® tra 6 mesi. Per questo la distribuzione delle foto deve essere automatizzata üá´üá∑ in #OpenData https://t.co/qrwf0ZKZ4P"
1428263768241451008,fr,Thu Aug 19 07:53:12 +0000 2021,"#CNIL_air2021 #opendata üì¢ La CNIL a le plaisir de vous inviter √† son prochain √©v√©nement de r√©flexion √©thique air2021 ! Le th√®me portera cette ann√©e sur l‚Äôouverture et le partage des donn√©es.
üìÖ RDV le 8 novembre prochain ! 
‚ÑπÔ∏è Inscription gratuite ici üëâ https://t.co/JpyRExH4gf https://t.co/IdahAYBrmX",https://twitter.com/user/status/1428263768241451008,"#CNIL_air2021 #opendata üì¢ La CNIL √® lieta di invitarvi al suo prossimo evento di riflessione etica air2021! Il tema di quest'anno sar√† l'apertura e la condivisione dei dati.
üìÖ Ci vediamo l'8 novembre!
‚ÑπÔ∏è Registrazione gratuita qui üëâ https://t.co/JpyRExH4gf https://t.co/IdahAYBrmX"
1428257982278782983,en,Thu Aug 19 07:30:13 +0000 2021,"The #COVID19 pandemic has increased the focus on public health

@CopernicusEU üá™üá∫üõ∞Ô∏è #OpenData are crucial for monitoring the air we breathe, the water we drink etc.

üìÖ Learn more at the workshop we are organising on 15 September

Moreüîóhttps://t.co/zrX5FyA8cx https://t.co/yXkdfuYsPF",https://twitter.com/user/status/1428257982278782983,"La pandemia #COVID19 ha aumentato l'attenzione sulla salute pubblica

@CopernicusEU üá™üá∫üõ∞Ô∏è Gli #OpenData sono fondamentali per monitorare l'aria che respiriamo, l'acqua che beviamo ecc.

üìÖ Scopri di pi√π al workshop che stiamo organizzando il 15 settembre

Altroüîóhttps://t.co/zrX5FyA8cx https://t.co/yXkdfuYsPF"
1428256070208720903,de,Thu Aug 19 07:22:37 +0000 2021,"Es gibt Kommunen, die machen irgendeinen #SmartCityQuatsch und dann gibt es @StadtOffenburg, die digitales Ehrenamt unterst√ºtzt, f√∂rdert und gro√üartige Dinge rund um #Klima, #CivicScience und #OpenData mit @openSenseMap erm√∂glicht!

üëèüëèüëè https://t.co/72RTbzMVJh",https://twitter.com/user/status/1428256070208720903,"Ci sono comuni che fanno un po' di #SmartCityNon importa e poi c'√® @StadtOffenburg, che supporta e promuove il volontariato digitale e rende possibili grandi cose su #Climate, #CivicScience e #OpenData con @openSenseMap!

https://t.co/72RTbzMVJh"
1428252248077897729,en,Thu Aug 19 07:07:26 +0000 2021,What's on the programme for the #EUOpenDataDays? Have a look at the schedule for the three-day event and book your place now! üëâ https://t.co/cSixKWkSXV https://t.co/bPDFFFveLE,https://twitter.com/user/status/1428252248077897729,Cosa c'√® in programma per gli #EUOpenDataDays? Dai un'occhiata al programma della tre giorni e prenota subito il tuo posto! üëâ https://t.co/cSixKWkSXV https://t.co/bPDFFFveLE
1428244041305571330,de,Thu Aug 19 06:34:49 +0000 2021,"Wozu brauchen Verwaltung &amp; Organe @KantonZuerich eine 'Community of Practice' (CoP) f√ºr offene Beh√∂rdendaten?
Wir wollen:
- fachliche Weiterbildung organisationsweit beschleunigen
- Wissen austauschen &amp; bessere Arbeitsweisen entwickeln
- #OpenData ausbauen
https://t.co/nO94553Zmq",https://twitter.com/user/status/1428244041305571330,"Perch√© l'amministrazione e gli organi @KantonZuerich hanno bisogno di una ""Comunit√† di pratica"" (CoP) per i dati ufficiali aperti?
Vogliamo:
- Accelerare la formazione professionale in tutta l'organizzazione
- Scambiare conoscenze e sviluppare modi migliori di lavorare
- Espandi #OpenData
https://t.co/nO94553Zmq"
1428209544543363072,en,Thu Aug 19 04:17:44 +0000 2021,"This drone works hard! It has helped us publish two open access papers this year. Thank you drone.

We made available the drone data sets so you can use them in your scientific research.

https://t.co/410QKwfY0L

https://t.co/uend4QZ1El
@pinoystempapers

#OpenAccess #OpenData https://t.co/iYva50v9Ch",https://twitter.com/user/status/1428209544543363072,"Questo drone lavora sodo! Ci ha aiutato a pubblicare due documenti ad accesso aperto quest'anno. Grazie drone.

Abbiamo messo a disposizione i set di dati dei droni in modo che tu possa utilizzarli nella tua ricerca scientifica.

https://t.co/410QKwfY0L

https://t.co/uend4QZ1El
@pinoystempapers

#OpenAccess #OpenData https://t.co/iYva50v9Ch"
1428206337343713280,pt,Thu Aug 19 04:05:00 +0000 2021,"√â amanh√£! Participe da live de capacita√ß√£o sobre o uso do Portal de Dados Abertos.

Evento ocorrer√° das 15h √†s 16h30, via Plataforma Teams e as inscri√ß√µes podem ser realizadas por meio de formul√°rio eletr√¥nico at√© a v√©spera do evento.

Inscreva-se em https://t.co/zn7vKo5tmQ https://t.co/OcmeEmiKfl",https://twitter.com/user/status/1428206337343713280,"√à domani! Partecipa alla formazione dal vivo sull'utilizzo del Portale Open Data.

L'evento si svolger√† dalle 15:00 alle 16:30, tramite Plataforma Teams e le iscrizioni potranno essere effettuate tramite modulo elettronico fino al giorno prima dell'evento.

Fai domanda su https://t.co/zn7vKo5tmQ https://t.co/OcmeEmiKfl"
1428184426077376512,en,Thu Aug 19 02:37:56 +0000 2021,"A+  Data Colada !
Fascinating statistical detective story on data fraud, beautifully argued

The lesson: open data, open analysis, independent replication are road to truth.  This means you, Machine Learning and AI. Secret sauces make fraud undetectable https://t.co/V0R1zMAURb",https://twitter.com/user/status/1428184426077376512,"A+ Dati Colada!
Affascinante storia poliziesca statistica sulla frode dei dati, magnificamente argomentata

La lezione: i dati aperti, l'analisi aperta, la replica indipendente sono la strada per la verit√†. Ci√≤ significa che tu, Machine Learning e AI. Le salse segrete rendono le frodi non rilevabili https://t.co/V0R1zMAURb"
1428172144777863173,es,Thu Aug 19 01:49:08 +0000 2021,"Aqu√≠ lo tienen cifras provenientes de la Plataforma Nacional de Datos Abiertos por fecha de defunci√≥n:
17/08: 40 fallecidos (NO 120) https://t.co/VcDRO8Pgyw",https://twitter.com/user/status/1428172144777863173,"Ecco i dati della National Open Data Platform per data di morte:
17/08: 40 deceduti (NO 120) https://t.co/VcDRO8Pgyw"
1428170003606560777,es,Thu Aug 19 01:40:37 +0000 2021,"@JesusEduardoG As√≠ es mi estimado.
Hace falta de un mejor uso de la informaci√≥n y sobretodo cifras que provengan de los Datos Abiertos (usted me comprende)",https://twitter.com/user/status/1428170003606560777,"@JesusEduardoG Questa √® la mia stima.
Serve un migliore utilizzo delle informazioni e soprattutto dei dati che provengono da Open Data (mi capisci)"
1428168519858929667,es,Thu Aug 19 01:34:43 +0000 2021,"No es as√≠.
Son 40 fallecidos en las √∫ltimas 24horas y 80 regularizadas/consolidadas de d√≠as anteriores.

No confundamos ""reportes"" con defunciones diarias, √©stas √∫ltimas se encuentran en los datos abiertos por fecha de defunci√≥n aqu√≠:
https://t.co/BBUG0v54CE https://t.co/FPp3NRqNIX https://t.co/ZpWBMEFYV2",https://twitter.com/user/status/1428168519858929667,"Non √® cos√¨.
Sono 40 i decessi nelle ultime 24 ore e 80 regolarizzati/consolidati dai giorni precedenti.

Non confondiamo i ""report"" con i decessi giornalieri, questi ultimi si trovano negli open data per data di morte qui:
https://t.co/BBUG0v54CE https://t.co/FPp3NRqNIX https://t.co/ZpWBMEFYV2"
1428153577684586502,es,Thu Aug 19 00:35:21 +0000 2021,"@Ribosoma_P @Minsa_Peru @MaytaTristan Los mejores indicadores para validar posibles brotes son el promedio de casos diarios (√≠dem fecha de inicio de s√≠ntomas), positividad Moleculares y ocupaci√≥n de hospitalizados, y todo a nivel de datos abiertos por C/regi√≥n pero no en reportes consolidados de fallecidos.",https://twitter.com/user/status/1428153577684586502,"@Ribosoma_P @Minsa_Peru @MaytaTristan I migliori indicatori per validare possibili focolai sono la media dei casi giornalieri (data idem di insorgenza dei sintomi), la positivit√† molecolare e l'occupazione dei ricoverati, e tutti a livello di open data da C/regione ma non in riporta i rendiconti consolidati dei defunti."
1428141902768087043,es,Wed Aug 18 23:48:57 +0000 2021,"(18-ago-21) | Actualizaci√≥n de la situaci√≥n de la pandemia en M√©xico a nivel nacional.
Elaboraci√≥n de @ArturoErdely, Director de Estad√≠stica, con datos de @SSalud_mx: https://t.co/PIjwNV6r9A.
La situaci√≥n de cada entidad federativa puede consultarse aqu√≠: https://t.co/QVAnydCEDB. https://t.co/mkj7H2hZ3a",https://twitter.com/user/status/1428141902768087043,"(18-ago-21) | Aggiornamento della situazione della pandemia in Messico a livello nazionale.
Preparato da @ArturoErdely, Direttore delle statistiche, con i dati di @SSalud_mx: https://t.co/PIjwNV6r9A.
La situazione di ciascuna entit√† federativa pu√≤ essere consultata qui: https://t.co/QVAnydCEDB. https://t.co/mkj7H2hZ3a"
1428138776631578633,es,Wed Aug 18 23:36:32 +0000 2021,"Esta tarde el ministro de Hacienda y Finanzas @PabloJ_LopezOK, la ministra de Trabajo @mara_ruiz_malec y la secretaria de Provincias del Ministerio del Interior de la Naci√≥n @sbatakis dialogaron sobre ‚ÄúProducci√≥n de conocimientos y datos abiertos para el desarrollo econ√≥mico‚Äù. https://t.co/jBLOGsZQ8H",https://twitter.com/user/status/1428138776631578633,"Questo pomeriggio il Ministro delle Finanze e delle Finanze @PabloJ_LopezOK, il Ministro del Lavoro @mara_ruiz_malec e il Segretario delle Province del Ministero dell'Interno della Nazione @sbatakis hanno discusso di ""Produzione di conoscenza e dati aperti per lo sviluppo economico"". https://t.co/jBLOGsZQ8H"
1428133501296119813,es,Wed Aug 18 23:15:34 +0000 2021,"@Luisma2022 @AMAG_Global Ellos no se basan en las cifras oficiales de M√©xico, que son los datos abiertos de la @SSalud_mx",https://twitter.com/user/status/1428133501296119813,"@ Luisma2022 @AMAG_Global Non si basano sui dati ufficiali del Messico, che sono dati aperti di @SSalud_mx"
1428133074500526087,pt,Wed Aug 18 23:13:53 +0000 2021,"BOLETIM @brasil_io #COVID19 n¬∫ 439 (18/08)

CASOS: 20.464.766 (+ 41.019)*
√ìBITOS: 571.918 (+ 988)*

Painel: https://t.co/z1gwFeGAge
Boletins: https://t.co/s8f7I2Or52
Doe: https://t.co/lJ5cCwBuYm üí≥

#BoletimCOVIDreal #opendata #crowdfunding https://t.co/CjC2Mj92PM",https://twitter.com/user/status/1428133074500526087,"BOLLETTINO @brasil_io #COVID19 n¬∫ 439 (08/18)

CASI: 20.464.766 (+ 41.019)*
MORTI: 571.918 (+988)*

Pannello: https://t.co/z1gwFeGAge
Newsletter: https://t.co/s8f7I2Or52
Dona: https://t.co/lJ5cCwBuYm üí≥

#COVIDreal Bulletin #opendata #crowdfunding https://t.co/CjC2Mj92PM"
1428131081899945992,es,Wed Aug 18 23:05:57 +0000 2021,"#COVID19mx Para darle contexto a los 28,953 nuevos casos confirmados agregados a los datos abiertos de hoy, importante recordar que el dato de ayer de 14,814 fue demasiado bajo para lo que se esperaba en un d√≠a martes, pero el promedio de estos dos d√≠as es 21,884 nuevos casos... https://t.co/0PFZ8QmMi3",https://twitter.com/user/status/1428131081899945992,"#COVID19mx Per contestualizzare i 28.953 nuovi casi confermati aggiunti ai dati aperti di oggi, √® importante ricordare che i dati di ieri di 14.814 erano troppo bassi per quello che ci si aspettava marted√¨, ma la media di questi due giorni √® di 21.884 nuovi casi. .. https://t.co/0PFZ8QmMi3"
1428121686608646145,es,Wed Aug 18 22:28:37 +0000 2021,Elaboraci√≥n propia de gr√°ficas mediante el lenguaje de programaci√≥n #JuliaLang y con datos de: https://t.co/KtMF6zGWmj [fin de hilo],https://twitter.com/user/status/1428121686608646145,Elaborazione propria di grafici utilizzando il linguaggio di programmazione #JuliaLang e con dati da: https://t.co/KtMF6zGWmj [fine thread]
1428104801208918028,de,Wed Aug 18 21:21:32 +0000 2021,"kaum hat Seehofer seinen CDU-Kollegen Schuster  ins Amt des BBK-Pr√§sidenten gehieft, bekommt das BBK gute Presse
https://t.co/7yUl7onIf5",https://twitter.com/user/status/1428104801208918028,"Non appena Seehofer ha nominato il suo collega della CDU Schuster alla carica di presidente di BBK, la BBK ottiene buona stampa
https://t.co/7yUl7onIf5"
1428100935591604227,nl,Wed Aug 18 21:06:10 +0000 2021,"VERVOLG ‚òùÔ∏èüëá
ü§ì
Cijfers zijn week 25 alle jaren https://t.co/YXlqLAVUTy https://t.co/GkKZ0UXnM7",https://twitter.com/user/status/1428100935591604227,"CONTINUA ‚òùÔ∏èüëá
?
Le cifre sono settimana 25 tutti gli anni https://t.co/YXlqLAVUTy https://t.co/GkKZ0UXnM7"
1428082487423606791,en,Wed Aug 18 19:52:52 +0000 2021,"Using @opencitations #opendata to study articles that cite retracted articles.  
https://t.co/egtKkzuLax",https://twitter.com/user/status/1428082487423606791,"Utilizzo di @opencitations #opendata per studiare articoli che citano articoli ritirati.
https://t.co/egtKkzuLax"
1428075230124249091,en,Wed Aug 18 19:24:01 +0000 2021,"@Billius27 Freely accessible open data is something we need our governments to do a better job at in every regard. Another thing that we keep getting promised and never happens. And I mean everything, buses routes, parks, everything should be accessible as open data.",https://twitter.com/user/status/1428075230124249091,"@Billius27 Gli open data liberamente accessibili sono qualcosa in cui i nostri governi devono fare un lavoro migliore sotto ogni aspetto. Un'altra cosa che continuiamo a prometterci e che non succede mai. E intendo tutto, linee di autobus, parchi, tutto dovrebbe essere accessibile come dati aperti."
1428069186379698182,es,Wed Aug 18 19:00:00 +0000 2021,"#DatosAbiertos - La pirater√≠a de semillas se ha convertido en un flagelo que atenta cada vez m√°s contra la productividad y la competitividad del campo colombiano. Por eso #UsaSemillaCertificada
@LeoarizaR @PoliciaAduanera @ICACOLOMBIA @SAColombia https://t.co/wuqkKMilCB",https://twitter.com/user/status/1428069186379698182,"#OpenData - La pirateria dei semi √® diventata una piaga che minaccia sempre pi√π la produttivit√† e la competitivit√† delle campagne colombiane. Ecco perch√© #UsaSemillaCertificados
@LeoarizaR @PoliciaAduanera @ICACOLOMBIA @SAColombia https://t.co/wuqkKMilCB"
1428054936630202369,fr,Wed Aug 18 18:03:23 +0000 2021,"#TouchePasARaoult Le professeur comme par hasard pouss√© √† la retraite le lendemain de sa derni√®re vid√©o, qui relate les donn√©es publiques et incontestables (GOOGLE STATS) qui d√©montrent la non corr√©lation entre vaccin de masse &amp; fin de l'√©pid√©mie.",https://twitter.com/user/status/1428054936630202369,"#TouchePasARaoult Il professore come per caso spinto in pensione il giorno dopo il suo ultimo video, che racconta i dati pubblici e indiscutibili (GOOGLE STATS) che dimostrano la non correlazione tra vaccino di massa e fine dell'epidemia."
1428034300583235584,en,Wed Aug 18 16:41:23 +0000 2021,"üü† #CaldorFireüî• with thick smoke plume, #California, #USAüá∫üá∏ 17 August 2021 #Copernicusüá™üá∫ #Sentinel-2üõ∞Ô∏è Full-size ‚û°Ô∏è https://t.co/pMhiUry1jf #RemoteSensing #OpenData #scicomm #CaliforniaFires Image is about 38 kilometers wide https://t.co/0ol80E1drv",https://twitter.com/user/status/1428034300583235584,"üü† #CaldorFireüî• con denso pennacchio di fumo, #California, #USAüá∫üá∏ 17 agosto 2021 #Copernicusüá™üá∫ #Sentinel-2üõ∞Ô∏è A grandezza naturale ‚û°Ô∏è https://t.co/pMhiUry1jf #RemoteSensing #OpenData #scicomm #CaliforniaFires Image √® largo circa 38 chilometri https://t.co/0ol80E1drv"
1428034222510546950,de,Wed Aug 18 16:41:04 +0000 2021,"Was f√ºr eine tolle Initiative, um #opendata in der Stadt sichtbar zu machen ‚ù§Ô∏è @OpenDataZurich @stadtzuerich https://t.co/8QGbjjNdPU",https://twitter.com/user/status/1428034222510546950,Che bella iniziativa per rendere visibile #opendata in citt√† ‚ù§Ô∏è @OpenDataZurich @stadtzuerich https://t.co/8QGbjjNdPU
1428029992353533956,es,Wed Aug 18 16:24:16 +0000 2021,#Act√∫oContraLaCorrupci√≥n gerenciando desde #OEA el Programa Interamericano de Datos Abiertos para Prevenir y Combatir la Corrupcion (PIDA) #MasDatosMenosCorrupcion @OEA_oficial @OEA_GestionPub https://t.co/nppCEqdlnz,https://twitter.com/user/status/1428029992353533956,# Act√∫oContraLaCorrupci√≥n che gestisce dall'#OEA il Programma Interamericano Open Data per prevenire e combattere la corruzione (PIDA) #MasDatosMenosCorrupcion @OEA_oficial @OEA_GestionPub https://t.co/nppCEqdlnz
1428025220418396169,de,Wed Aug 18 16:05:18 +0000 2021,"@1000millimeter Witzig, irgendwie war ich auf die Frage nicht vorbereitet weils so viel ist. z.B. Software die mit Geodaten und Mobilit√§tsdaten Dinge tut. OpenData. Leuten quatschige SmartCity Sachen ausreden. Und Ger√§te zerpfl√ºckt. Sollte das wirklich mal aufschreiben bevor ich sowas vertwitter",https://twitter.com/user/status/1428025220418396169,"@ 1000mm Divertente, in qualche modo non ero preparato per la domanda perch√© √® cos√¨ tanto. Ad esempio, software che fa cose con geodati e dati di mobilit√†. OpenData. Parlare alle persone di cose senza senso SmartCity. E dispositivi fatti a pezzi. Dovrei davvero scriverlo prima di twittare qualcosa del genere"
1428024392227897344,es,Wed Aug 18 16:02:01 +0000 2021,"üì£¬øTrabajas todos los d√≠as por una #JusticiaAbierta? ‚öñÔ∏èüîì

¬°En el #MesDeLaMembres√≠a invitamos a que se sumen a nuestros equipos de trabajo!
‚ö†Ô∏èLINK DE REGISTRO üëâhttps://t.co/nAZanDGS35

#DatosAbiertos #AccesoALaInfo  #AccesoaJusticia
@alvarojherrero
@ineselvi 
@giselecraveiro https://t.co/6pzgHAPPBv",https://twitter.com/user/status/1428024392227897344,"Lavori tutti i giorni per una #OpenJustice? Ô∏èüîì

In #MemberMonth, ti invitiamo a unirti ai nostri team di lavoro!
‚ö†Ô∏è LINK REGISTRAZIONE üëâhttps: //t.co/nAZanDGS35

#OpenData #AccessALaInfo #AccessJusticia
@alvarojherrero
@ineselvi
@gisecraveiro https://t.co/6pzgHAPPBv"
1428015715357954048,fr,Wed Aug 18 15:27:32 +0000 2021,"#autopromo Les comptages v√©lo √† @BxMetro sont √† l'honneur de la derni√®re publication @ademe sur le v√©lo @CompteursVeloBx @CirculationBxM @VeloCiteBdx 
Pour les donn√©es v√©lo en open data üëâhttps://t.co/582zgfIOys https://t.co/KtfLvTNS9P",https://twitter.com/user/status/1428015715357954048,"#autopromo Le bici contano al @BxMetro sotto i riflettori dell'ultimo post @ademe sulla bici @CompteursVeloBx @CirculationBxM @VeloCiteBdx
Per i dati della bici in dati aperti üëâhttps: //t.co/582zgfIOys https://t.co/KtfLvTNS9P"
1428010921008447489,en,Wed Aug 18 15:08:29 +0000 2021,"This thread provides wonderful (and laudable) insight into the scientific process, the value of open data, and the importance of (self-)skepticism. @ProfLisaShu deserves kudos for her openness and honesty. My lab will discuss what we can learn from this at our next meeting. https://t.co/gVlBbkdXTr",https://twitter.com/user/status/1428010921008447489,"Questo thread fornisce una visione meravigliosa (e lodevole) del processo scientifico, del valore dei dati aperti e dell'importanza dell'(auto)scetticismo. @ProfLisaShu merita i complimenti per la sua apertura e onest√†. Il mio laboratorio discuter√† ci√≤ che possiamo imparare da questo al nostro prossimo incontro. https://t.co/gVlBbkdXTr"
1428006535750320132,es,Wed Aug 18 14:51:03 +0000 2021,@HLGatell @COFEPRIS Seg√∫n la actualizaci√≥n del 17-ago de los datos abiertos sobre #COVID19 de la SSA se reporta que el 2.7% de las personas hospitalizadas son Menores de Edad y el 1.6% representa menores intubados. https://t.co/KHAJkZHzfn https://t.co/j41aCJOyGP,https://twitter.com/user/status/1428006535750320132,"@HLGatell @COFEPRIS Secondo l'aggiornamento del 17 agosto dei dati aperti su #COVID19 della SSA, si segnala che il 2,7% delle persone ricoverate sono minori e l'1,6% rappresenta minori intubati. https://t.co/KHAJkZHzfn https://t.co/j41aCJOyGP"
1428000361600724994,nl,Wed Aug 18 14:26:31 +0000 2021,"@MinPres @hugodejonge @ivanengelshoven ü§°ü§°ü§£üëá
Dus nu zijn er meer mensen overleden dan vorig jaar in dezelfde periode toen er nog geen prik gegeven werd?ü§£ü§£
 https://t.co/YXlqLAVUTy
Wat ik zo vaak al plaats üëá
U word zo in de maling genomen
https://t.co/2NjjLr2liO https://t.co/dUjdptdoj4",https://twitter.com/user/status/1428000361600724994,"@MinPres @hugodejonge @ivanengelshoven
Quindi ora sono morte pi√π persone rispetto all'anno scorso nello stesso periodo in cui non √® stata ancora somministrata alcuna iniezione?
 https://t.co/YXlqLAVUTy
Quello che pubblico cos√¨ spesso
Ti stai prendendo in giro cos√¨ tanto
https://t.co/2NjjLr2liO https://t.co/dUjdptdoj4"
1427997451995201541,en,Wed Aug 18 14:14:58 +0000 2021,"Matteo Moretti @teo_moretti from @Sheldon_studio  our 3rd speaker on September 2nd #OnDataAndDesign ‚Äì Open Data Design ‚Äì hybrid event üëâ RSVP @ https://t.co/YhMDTEb2ON

#OpenData #dataviz #thematicdata #ddj https://t.co/bCqtFdisBe",https://twitter.com/user/status/1427997451995201541,"Matteo Moretti @teo_moretti di @Sheldon_studio il nostro 3¬∞ relatore il 2 settembre #OnDataAndDesign ‚Äì Open Data Design ‚Äì evento ibrido üëâ RSVP @ https://t.co/YhMDTEb2ON

#OpenData #dataviz #thematicdata #ddj https://t.co/bCqtFdisBe"
1427996456724668416,en,Wed Aug 18 14:11:00 +0000 2021,"Matthias Mazenauer @mmznr , our 1st speaker on September 2nd #OnDataAndDesign ‚Äì Open Data Design ‚Äì hybrid event üëâ RSVP @ https://t.co/YhMDTEb2ON
@swissstatistics @OpenDataZH @statistik_zh #OGD @OpendataCH #OpenData @OneTeamGovCH @OpenDataBS @OpenGovCan @odp_AT @ScienceEtCite https://t.co/dFocoYRpB3",https://twitter.com/user/status/1427996456724668416,"Matthias Mazenauer @mmznr , il nostro primo relatore il 2 settembre #OnDataAndDesign ‚Äì Open Data Design ‚Äì evento ibrido üëâ RSVP @ https://t.co/YhMDTEb2ON
@swissstatistics @OpenDataZH @statistik_zh #OGD @OpendataCH #OpenData @OneTeamGovCH @OpenDataBS @OpenGovCan @odp_AT @ScienceEtCite https://t.co/dFocoYRpB3"
1427996332090855431,und,Wed Aug 18 14:10:31 +0000 2021,"@2Ajaxfriend ü§ì

https://t.co/kaKYadlzrw https://t.co/QorF9xs7yk",https://twitter.com/user/status/1427996332090855431,"@2Ajaxfriend

https://t.co/kaKYadlzrw https://t.co/QorF9xs7yk"
